Date,Spread,Carbon,VIX,SP,USSlope,CRB,Gold,Dollar
7/8/2009,43.89365723,13.35,31.3,1299.91,-3.15,353.61,906.82,80.766
7/9/2009,28.86132324,13.73,29.78,1317.73,-3.25,357.18,918.15,79.864
7/10/2009,35.01604601,13.93,29.02,1290.48,-3.14,355.27,913.05,80.233
7/13/2009,30.1202257,14.61,26.31,1321.38,-3.2,356.77,916.3,80.126
7/14/2009,17.81489833,14.19,25.02,1305.81,-3.32,358.28,924.75,80.184
7/15/2009,3.757085164,14.45,25.89,1367.23,-3.45,359.29,938.95,79.316
7/16/2009,5.096212102,14.47,25.42,1376.59,-3.4,362.65,937.33,79.216
7/17/2009,-4.546550164,14.02,24.34,1371.69,-3.5,363.82,937.5,79.347
7/20/2009,3.389922299,14.09,24.4,1394.73,-3.42,367.35,951.15,78.907
7/21/2009,11.54460913,14.44,23.87,1441.64,-3.31,367.7,946.9,78.927
7/22/2009,2.282596749,14.35,23.47,1430.15,-3.39,364.78,952.88,78.706
7/23/2009,-8.993549159,14.39,23.43,1457.54,-3.53,371.99,956.83,78.803
7/24/2009,-7.902973653,14.27,23.09,1521.37,-3.52,370.61,951.35,78.749
7/27/2009,-17.60579449,14.08,24.28,1534.92,-3.56,372.44,953.37,78.626
7/28/2009,-14.50811375,13.74,25.01,1490.26,-3.53,371.2,938.85,78.85
7/29/2009,-8.90245233,13.56,25.61,1458.54,-3.5,369.49,929.2,79.63
7/30/2009,-2.398067955,13.67,25.4,1493.45,-3.49,372.09,934.6,79.285
7/31/2009,9.012510081,13.66,25.92,1467.83,-3.34,371.62,954,78.347
8/3/2009,-3.173963417,14.37,25.56,1510.59,-3.47,377.7,960.25,77.639
8/4/2009,-4.76222853,14.54,24.89,1512.29,-3.52,380.39,968.15,77.765
8/5/2009,-21.01376086,14.28,24.9,1486.34,-3.62,381.21,962.93,77.517
8/6/2009,-17.39460884,14.3,25.67,1478.99,-3.62,380.58,962,78.065
8/7/2009,-26.32049764,14.26,24.76,1467.94,-3.7,381.38,954.95,78.975
8/10/2009,-16.62042866,14.13,24.99,1474.68,-3.61,382.98,946.83,79.256
8/11/2009,-7.061679534,14.09,25.99,1457.76,-3.53,383.04,946.35,79.176
8/12/2009,-6.452184218,14.29,25.45,1457.83,-3.55,384.59,949.98,78.79
8/13/2009,11.3082163,14.28,24.71,1433.32,-3.42,385.42,957,78.489
8/14/2009,15.27416218,14.32,24.27,1425.76,-3.37,385.09,948.67,78.885
8/17/2009,19.86689218,14.43,27.89,1366.11,-3.3,380.19,934.5,79.292
8/18/2009,14.09679164,14.71,26.18,1365.74,-3.33,378.2,938.23,78.937
8/19/2009,21.7647545,14.86,26.26,1366.2,-3.28,378.65,943.75,78.469
8/20/2009,21.23973359,15.07,25.09,1367.19,-3.25,377.57,941.85,78.384
8/21/2009,8.708252346,15.32,25.01,1376.27,-3.39,379.3,953.78,78.044
8/24/2009,15.62229018,15.14,25.14,1381.58,-3.31,380.76,951.12,78.271
8/25/2009,16.99574433,15.15,24.92,1375.52,-3.28,381.45,945.28,78.243
8/26/2009,18.90161284,15.14,24.95,1358.69,-3.29,379.99,944.3,78.661
8/27/2009,11.55568093,15.1,24.68,1343.92,-3.32,380.72,946.18,78.009
8/28/2009,11.73669173,15.13,24.76,1367.45,-3.31,381.52,955.1,78.366
8/31/2009,16.35138348,14.89,26.01,1337.57,-3.25,381.52,950.94,78.172
9/1/2009,15.7345776,14.77,29.15,1301.86,-3.24,381.28,951.03,78.76
9/2/2009,25.03472089,14.99,28.9,1289.92,-3.15,381.22,977.4,78.376
9/3/2009,18.02478815,15.32,27.1,1321.13,-3.18,382.15,989.68,78.465
9/4/2009,5.931411629,15.18,25.26,1339.17,-3.31,381.42,994.4,78.136
9/7/2009,4.229898251,15.29,25.44,1358.67,-3.32,381.65,995.15,78.012
9/8/2009,2.185192908,15.42,25.62,1419.2,-3.33,383.35,997.8,77.323
9/9/2009,2.206266026,15.12,24.32,1434.92,-3.34,383.2,996.8,77.09
9/10/2009,13.65405162,15.05,23.55,1453.23,-3.22,384.65,996.4,76.817
9/11/2009,9.82285655,14.53,24.15,1444.77,-3.2,386.75,1005.3,76.608
9/14/2009,-0.281531874,13.86,23.86,1437.13,-3.28,384.59,1000.55,76.695
9/15/2009,-10.75823475,14.23,23.42,1471.91,-3.34,378.75,1004,76.544
9/16/2009,-7.961502455,14.01,23.69,1513.54,-3.38,380.38,1016.65,76.236
9/17/2009,2.397398509,13.56,23.65,1519.79,-3.32,380.93,1010.5,76.188
9/18/2009,-5.396147514,13.6,23.92,1541.79,-3.41,380.07,1007.47,76.425
9/21/2009,-7.188804168,13.9,24.06,1519.49,-3.38,378.89,1002.15,76.776
9/22/2009,-7.184149856,13.67,23.08,1542.39,-3.35,379.88,1014.8,76.118
9/23/2009,-8.710606036,13.29,23.49,1521.98,-3.33,377.29,1011.45,76.047
9/24/2009,-5.482597929,12.75,24.95,1468.76,-3.3,376.01,997.64,76.9
9/25/2009,-1.485973752,13.06,25.61,1460.57,-3.24,373.74,990.9,76.812
9/28/2009,5.381225423,13.44,24.88,1463.92,-3.2,373.08,994.15,77.051
9/29/2009,5.244989191,13.1,25.19,1461.92,-3.18,371.93,995.05,77.124
9/30/2009,4.286958176,13.36,25.61,1469.17,-3.17,372.37,1007.6,76.653
10/1/2009,13.40618023,13.22,28.27,1406.56,-3.11,372.47,1002.3,77.188
10/2/2009,6.783120616,13.05,28.68,1385.08,-3.14,368.96,1002.75,77.003
10/5/2009,10.72755736,13.12,26.84,1399.18,-3.16,368.86,1015.85,76.642
10/6/2009,9.206208661,13.73,25.7,1439.88,-3.19,371.87,1039.65,76.335
10/7/2009,15.48279872,13.61,24.68,1443.64,-3.12,371.74,1043.1,76.494
10/8/2009,8.382575165,13.42,24.18,1456.53,-3.21,373.68,1058.54,75.966
10/9/2009,-1.703837006,13.78,23.12,1447.74,-3.33,374.12,1049.25,76.431
10/12/2009,1.745866196,14.28,23.01,1474.98,-3.3,376.13,1056.28,76.126
10/13/2009,10.25747649,14.32,22.99,1452.99,-3.27,377.55,1063.6,75.976
10/14/2009,-3.465323103,14.44,22.86,1477.02,-3.38,378.94,1062.75,75.551
10/15/2009,-3.745391106,14.22,21.72,1463.14,-3.42,377.42,1051.58,75.481
10/16/2009,6.716902777,14.14,21.43,1434.59,-3.36,377.39,1053.55,75.597
10/19/2009,8.855483629,14.44,21.49,1462.73,-3.33,380.94,1056.75,75.51
10/20/2009,14.60549019,14.58,20.9,1454.71,-3.27,381.77,1056.6,75.565
10/21/2009,7.188609492,14.97,22.22,1449.18,-3.35,384.9,1062.2,74.972
10/22/2009,6.312581659,14.46,20.69,1443.13,-3.38,385.89,1057.65,75.094
10/23/2009,-2.88579318,14.39,22.27,1411.7,-3.44,387.12,1055.45,75.468
10/26/2009,-11.2142201,14.34,24.31,1388.44,-3.51,388.66,1043.5,76.061
10/27/2009,-2.766833472,14.26,24.83,1369.43,-3.41,388.87,1037.25,76.135
10/28/2009,3.539846777,14.24,27.91,1325.08,-3.37,387.48,1030.4,76.425
10/29/2009,-5.666129223,14.75,24.76,1348.05,-3.47,390,1046.45,75.917
10/30/2009,5.383591391,14.54,30.69,1306.34,-3.36,389.25,1045.45,76.3
11/2/2009,2.68917138,14.54,29.78,1285.44,-3.39,391.76,1055.2,76.29
11/3/2009,-2.998005793,14.39,28.81,1296.94,-3.44,393.62,1083.88,76.386
11/4/2009,-10.36001695,14.36,27.72,1308.87,-3.52,394.71,1091.6,75.643
11/5/2009,-9.292177846,14.37,25.43,1337.37,-3.53,394.55,1089.33,75.741
11/6/2009,-9.383339393,13.97,24.19,1329.36,-3.48,394.43,1095.2,75.819
11/9/2009,-9.159689743,13.87,23.15,1369.86,-3.45,398.46,1105.8,75.026
11/10/2009,-7.623621473,13.72,22.84,1351.86,-3.43,402.4,1101.4,75.021
11/11/2009,-3.264880676,13.52,23.04,1355.34,-3.405,401.24,1113.8,75.162
11/12/2009,-0.807995349,13.31,24.24,1324.91,-3.38,400.2,1107.1,75.596
11/13/2009,0.952812505,13.41,23.36,1349.56,-3.37,400.88,1118.65,75.334
11/16/2009,10.79312882,13.74,22.89,1392.23,-3.26,404.32,1134.83,74.894
11/17/2009,10.3391385,13.35,22.41,1366.99,-3.27,404.16,1137.95,75.369
11/18/2009,8.958681161,13.5,21.63,1382.94,-3.32,405.31,1144,75.185
11/19/2009,8.268572131,13.39,22.63,1361.76,-3.33,406.3,1141.1,75.293
11/20/2009,7.052421434,13.07,22.19,1342.44,-3.34,408.06,1150.6,75.656
11/23/2009,5.390225816,13.1,21.16,1371.09,-3.32,408.92,1168.15,75.085
11/24/2009,8.226809494,12.63,20.47,1353.99,-3.27,410.66,1166.25,75.068
11/25/2009,12.77839968,12.88,20.48,1363.12,-3.23,414.27,1185.18,74.269
11/26/2009,13.79601743,12.93,22.665,1340.57,-3.205,414.27,1190.05,74.826
11/27/2009,17.81998284,13.18,24.85,1333.34,-3.18,414.09,1177.63,74.996
11/30/2009,16.98804004,13.14,24.51,1347.9,-3.15,414.57,1173.38,74.879
12/1/2009,10.10671573,13.49,21.92,1380.83,-3.22,416.24,1197.15,74.365
12/2/2009,5.289193508,13.57,21.12,1387.59,-3.27,416.22,1209.6,74.669
12/3/2009,-1.903898378,13.85,22.46,1390.18,-3.33,416.83,1214.23,74.631
12/4/2009,-11.66103649,14.12,21.25,1390.45,-3.42,414.06,1161.43,75.911
12/7/2009,-9.969151161,14.76,22.1,1426.12,-3.4,415.5,1160.2,75.767
12/8/2009,-9.977054245,14.09,23.69,1404.59,-3.37,413.53,1146.65,76.31
12/9/2009,-14.38763962,14.17,22.66,1394.06,-3.42,414.34,1126.78,76.038
12/10/2009,-19.40506744,14.17,22.32,1384.34,-3.47,414.58,1127.33,76.045
12/11/2009,-19.37415542,14.36,21.59,1384.83,-3.52,415.34,1115.38,76.573
12/14/2009,-20.62392049,14.37,21.15,1407.36,-3.52,416.31,1123.7,76.352
12/15/2009,-25.26565821,14.47,21.49,1415.62,-3.55,415.72,1122.31,76.961
12/16/2009,-26.72625091,14.17,20.54,1412.36,-3.57,417.39,1134.15,76.995
12/17/2009,-12.05447057,13.41,22.51,1375.98,-3.46,415.52,1108.25,77.694
12/18/2009,-18.44437642,13.39,21.68,1360.63,-3.5,413.93,1113.2,77.821
12/21/2009,-30.3272022,12.25,20.49,1388.86,-3.61,413.1,1094.2,78.037
12/22/2009,-38.43366079,12.49,19.54,1386.31,-3.68,413.75,1089.8,78.25
12/23/2009,-39.64802953,12.78,19.71,1396.17,-3.7,412.01,1094.1,77.897
12/24/2009,-47.29745687,12.55,19.47,1399.59,-3.77,416.6,1105.55,77.734
12/25/2009,-47.66148382,12.74,19.7,1401.25,-3.755,416.6,1105.45,77.734
12/28/2009,-48.58638317,12.55,19.93,1402.91,-3.74,418.96,1106.5,77.633
12/29/2009,-43.45822262,12.44,20.01,1413.36,-3.72,420.58,1097.88,77.831
12/30/2009,-40.88442404,12.45,19.96,1412.13,-3.75,422.66,1092.2,77.914
12/31/2009,-46.40746792,12.31,21.68,1411.32,-3.79,421.13,1098.65,77.86
1/1/2010,-47.46770255,12.52,20.86,1430.565,-3.78,421.13,1097.35,77.86
1/4/2010,-48.86428158,12.91,20.04,1449.81,-3.77,429.45,1117.68,77.525
1/5/2010,-39.66613405,12.52,19.35,1487.62,-3.7,429.62,1121.35,77.619
1/6/2010,-48.19772285,12.22,19.16,1504.47,-3.79,431.06,1135.45,77.493
1/7/2010,-49.89876778,12.57,19.06,1503.63,-3.8,430.99,1131.1,77.913
1/8/2010,-48.46041926,12.82,18.13,1515.78,-3.78,432.95,1138.23,77.471
1/11/2010,-48.0538904,13,17.55,1533.09,-3.81,433.44,1151.1,77.005
1/12/2010,-37.06288889,12.71,18.25,1495.68,-3.69,429.1,1137.8,76.954
1/13/2010,-46.51159983,12.94,17.85,1491.69,-3.74,429.07,1133.47,76.846
1/14/2010,-39.74530426,13.44,17.63,1457.05,-3.71,429.22,1137.7,76.732
1/15/2010,-31.91501022,13.23,17.91,1411.28,-3.64,428.38,1130.93,77.323
1/18/2010,-35.00252216,13.55,17.745,1410.18,-3.655,428.38,1133.65,77.064
1/19/2010,-36.61192537,13.63,17.58,1410.17,-3.67,430.08,1139.75,77.5
1/20/2010,-29.70926262,13.21,18.68,1357.72,-3.63,430.08,1112.2,78.338
1/21/2010,-21.17472269,13.07,22.27,1326.04,-3.56,430.61,1099.8,78.32
1/22/2010,-21.46220425,12.97,27.31,1278.15,-3.56,428.18,1093.23,78.277
1/25/2010,-29.22087722,13.28,25.41,1294.06,-3.6,427.62,1097.4,78.19
1/26/2010,-30.06459793,13.46,24.55,1297.31,-3.58,426.93,1099.8,78.432
1/27/2010,-30.2178683,13.25,23.14,1271.24,-3.58,422.1,1086.18,78.675
1/28/2010,-30.84786393,12.99,23.73,1251.79,-3.6,418.93,1079.21,78.904
1/29/2010,-24.25163235,12.71,24.62,1240.92,-3.55,415.49,1081.2,79.462
2/1/2010,-29.36127372,12.57,22.59,1265.25,-3.58,411.88,1100.15,79.242
2/2/2010,-29.33239296,12.59,21.48,1279.56,-3.57,411.64,1116.85,79.014
2/3/2010,-37.61763979,12.59,21.6,1273.12,-3.63,409.58,1109.33,79.372
2/4/2010,-24.67900968,13.06,26.08,1203.09,-3.53,409.34,1064.09,79.916
2/5/2010,-20.82989779,13.11,26.11,1203.35,-3.49,409.34,1066.25,80.441
2/8/2010,-24.43456195,13.6,26.51,1175.82,-3.5,408.99,1068.91,80.302
2/9/2010,-33.13424029,13.41,26,1203.2,-3.55,412.37,1077.18,79.863
2/10/2010,-43.69442514,13.12,25.4,1179.21,-3.61,414.68,1074.08,80.028
2/11/2010,-46.63941177,13.06,23.96,1192.54,-3.62,417.06,1093.15,79.994
2/12/2010,-44.14207349,12.82,22.73,1188.85,-3.59,416.09,1097.1,80.218
2/15/2010,-40.09903782,13,22.49,1196.27,-3.575,416.09,1100.35,80.332
2/16/2010,-40.90853601,13.16,22.25,1226.21,-3.56,418.95,1117.03,79.7
2/17/2010,-51.4294092,12.79,21.72,1220.61,-3.64,419.68,1119.5,80.376
2/18/2010,-57.61936334,12.83,20.63,1223.27,-3.69,419.9,1117.15,80.398
2/19/2010,-55.15521049,12.36,20.02,1198.77,-3.67,422.56,1119.2,80.643
2/22/2010,-60.21411537,12.63,19.94,1187.37,-3.69,425.38,1115.93,80.507
2/23/2010,-45.61861844,12.58,21.37,1156.33,-3.57,423.68,1102.36,80.85
2/24/2010,-47.1277222,12.92,20.27,1145.87,-3.58,426.24,1095.43,80.849
2/25/2010,-40.53896084,12.76,20.1,1133.76,-3.51,423.59,1107.68,80.787
2/26/2010,-38.99954837,12.86,19.5,1142.97,-3.48,427.52,1117.59,80.362
3/1/2010,-39.77396819,13.19,19.26,1138.82,-3.48,427.93,1117.85,80.658
3/2/2010,-39.75229007,13.16,19.06,1151.33,-3.48,428.27,1137.45,80.521
3/3/2010,-39.87741756,13.4,18.83,1180.92,-3.49,430.84,1142.2,79.977
3/4/2010,-38.42751678,12.98,18.72,1181.4,-3.47,429.89,1134.25,80.561
3/5/2010,-44.84022137,13.16,17.42,1198.46,-3.54,434.05,1134.9,80.432
3/8/2010,-49.24557605,12.96,17.79,1188.55,-3.56,435.74,1124.18,80.432
3/9/2010,-49.3406853,12.99,17.92,1179.92,-3.55,435.49,1124.04,80.592
3/10/2010,-49.95222135,13.09,18.57,1202.36,-3.58,435.49,1109.21,80.445
3/11/2010,-50.61579791,12.85,18.06,1206.33,-3.57,433.85,1108.33,80.323
3/12/2010,-45.89929536,12.76,17.58,1207.9,-3.56,433.48,1101.85,79.833
3/15/2010,-46.66349285,12.92,18,1191.26,-3.54,433.34,1106.46,80.251
3/16/2010,-41.51762404,12.84,17.69,1196.81,-3.5,433.96,1122.6,79.753
3/17/2010,-41.04704734,12.88,16.91,1206.85,-3.5,434.78,1123.61,79.638
3/18/2010,-41.08648455,12.95,16.62,1186.72,-3.52,436.81,1127.75,80.225
3/19/2010,-42.04761688,12.96,16.97,1164.63,-3.54,437.06,1107.05,80.724
3/22/2010,-39.22463376,12.97,16.87,1158.12,-3.52,437.56,1099.7,80.651
3/23/2010,-41.46531224,12.79,16.35,1174.75,-3.55,434.88,1102.15,80.896
3/24/2010,-56.36508303,12.67,17.55,1168.85,-3.7,433.5,1086.34,81.838
3/25/2010,-61.68056705,12.55,18.4,1173.83,-3.77,431.19,1089.91,82.12
3/26/2010,-55.87724453,12.81,17.77,1183.67,-3.72,431.33,1107.25,81.676
3/29/2010,-55.94621077,12.67,17.59,1201.76,-3.73,433.73,1109.36,81.358
3/30/2010,-53.93194733,12.73,17.13,1204.02,-3.72,432.68,1104.85,81.47
3/31/2010,-49.55663331,12.71,17.59,1204.63,-3.68,431.17,1114.49,81.073
4/1/2010,-53.1266198,12.98,17.47,1212.35,-3.73,433.92,1125.9,80.776
4/2/2010,-60.66209252,12.98,17.245,1214.915,-3.8,433.92,1123.8,81.173
4/5/2010,-65.18165754,12.98,17.02,1217.48,-3.83,435.71,1132.23,81.094
4/6/2010,-61.5681747,13.33,16.23,1214.11,-3.81,438.04,1136.18,81.387
4/7/2010,-49.14956654,13.42,16.62,1240.69,-3.72,439.33,1152.44,81.443
4/8/2010,-51.83447914,13.45,16.48,1232.54,-3.74,437.42,1151.84,81.534
4/9/2010,-50.34091466,13.59,16.14,1232.13,-3.74,437.05,1161.75,81.093
4/12/2010,-46.34567975,13.6,15.58,1248.31,-3.71,437.23,1163.5,80.562
4/13/2010,-43.65940482,13.59,16.2,1251.59,-3.68,438.97,1152.38,80.507
4/14/2010,-46.45678532,14.11,15.59,1270.6,-3.72,441,1159.41,80.19
4/15/2010,-45.22395662,14.04,15.89,1278.34,-3.7,442.8,1160.65,80.482
4/16/2010,-39.46670306,14.31,18.36,1233.79,-3.63,444.01,1137.41,80.824
4/19/2010,-45.81914574,14.47,17.34,1212.18,-3.67,440.92,1133.61,81
4/20/2010,-43.53427859,14.63,15.73,1233.9,-3.66,444.69,1138.88,81.049
4/21/2010,-38.0551526,14.57,16.32,1210.65,-3.62,444.16,1149.89,81.161
4/22/2010,-41.88491589,14.57,16.47,1205.73,-3.64,445.62,1142.3,81.567
4/23/2010,-45.73466017,14.85,16.62,1216.15,-3.68,445.96,1157.73,81.352
4/26/2010,-45.8228399,15.49,17.47,1210.07,-3.67,446.06,1153.9,81.481
4/27/2010,-34.73098519,15.15,22.81,1177.68,-3.55,446.18,1161.25,82.146
4/28/2010,-43.24477912,14.88,21.08,1157.27,-3.64,444.07,1171.89,82.381
4/29/2010,-39.4590896,15.25,18.44,1198.29,-3.59,443.86,1166.68,82.003
4/30/2010,-34.14739268,15.84,22.05,1178.56,-3.53,444.93,1179.03,81.866
5/3/2010,-37.05493941,16.42,20.19,1187.94,-3.55,444.59,1185.18,82.272
5/4/2010,-25.69601051,15.82,23.84,1131.33,-3.47,442.76,1169.86,83.299
5/5/2010,-21.19377106,15.88,24.91,1096.82,-3.43,441.5,1172.4,84.079
5/6/2010,-2.403268345,16.07,32.8,1038.39,-3.3,438.85,1194,84.894
5/7/2010,-8.858044726,15.42,40.95,1018.82,-3.32,435.47,1208.4,84.45
5/10/2010,-22.02443963,15.14,28.84,1088.47,-3.41,435.21,1200.4,84.156
5/11/2010,-21.96900065,15.57,28.32,1057.9,-3.4,433.73,1219.85,84.467
5/12/2010,-23.03314835,15.62,25.52,1068.6,-3.4,433.93,1242.21,84.828
5/13/2010,-22.65899167,15.73,26.68,1059.64,-3.39,433.53,1232.86,85.207
5/14/2010,-10.8673451,15.56,31.24,1022.63,-3.28,429.78,1232.98,86.095
5/17/2010,-14.12831725,15.01,30.84,996.05,-3.31,426.44,1228.71,86.205
5/18/2010,-4.677593789,15.2,33.55,985.29,-3.21,427.12,1216.53,87.162
5/19/2010,-3.744213733,14.63,35.32,961.1,-3.19,428.2,1193,86.392
5/20/2010,6.898797458,14.61,45.79,934.83,-3.08,426.85,1182.8,85.565
5/21/2010,12.70743879,14.76,40.1,958.51,-3.03,428.58,1177.08,85.371
5/24/2010,8.02747763,15.33,38.32,937.6,-3.06,429.36,1194.35,86.206
5/25/2010,10.96208353,15.11,34.61,911.22,-3.01,427.11,1197.15,86.779
5/26/2010,9.584062806,15.61,35.02,922.54,-3.04,426.19,1213.71,87.121
5/27/2010,-7.370965011,15.4,29.68,966.82,-3.17,424.7,1211.59,86.185
5/28/2010,-1.576487658,15.02,32.07,961.21,-3.15,424.86,1214.73,86.48
5/31/2010,-1.355740774,15.02,33.805,961.54,-3.14,424.86,1216.45,86.588
6/1/2010,0.640872167,15.05,35.54,936.88,-3.13,421.59,1225.11,86.643
6/2/2010,-8.382958457,15.18,30.17,939.45,-3.19,420.47,1221.77,86.793
6/3/2010,-9.257824751,15.17,29.46,954.5,-3.25,418.73,1206.83,87.136
6/4/2010,7.36617154,15.25,35.48,927.3,-3.06,414.47,1220.03,88.233
6/7/2010,10.17362505,15.13,36.57,898.32,-3.05,411.73,1238.1,88.405
6/8/2010,10.31814682,15.6,33.7,895.37,-3.06,412.5,1243.9,88.394
6/9/2010,8.30228104,15.67,33.73,901.4,-3.1,415.75,1229.33,87.897
6/10/2010,-4.471255891,15.37,30.57,943.23,-3.23,416.3,1224.44,87.169
6/11/2010,5.530186619,15.53,28.79,963.65,-3.16,418.71,1226.58,87.507
6/14/2010,2.58266737,15.76,28.58,976.21,-3.21,421.49,1220.14,86.511
6/15/2010,-1.763584919,15.64,25.87,1008.09,-3.23,422.54,1233.3,85.981
6/16/2010,3.355109339,15.42,25.92,1007.24,-3.17,424.24,1230.5,86.083
6/17/2010,10.00588186,15.56,25.05,1012.65,-3.12,423.95,1248.4,85.688
6/18/2010,5.863711331,15.62,23.95,1022.92,-3.13,423.06,1256.8,85.699
6/21/2010,2.850434202,15.7,24.88,1032.82,-3.14,426.11,1241.9,85.932
6/22/2010,11.85028927,15.2,27.05,1009.52,-3.05,425.76,1241.3,86.106
6/23/2010,16.66730871,15.23,26.91,1003.36,-3,424.62,1232.98,85.741
6/24/2010,12.438661,15.11,29.74,983.45,-3.01,425.61,1246.64,85.733
6/25/2010,15.24807353,15.28,28.53,985.04,-2.99,425.57,1255.68,85.313
6/28/2010,21.68804989,15.29,29,983.55,-2.88,425.79,1239.7,85.652
6/29/2010,30.26078736,15.15,34.13,937.23,-2.82,419.81,1243.2,86.025
6/30/2010,30.16036488,15.19,34.54,934.59,-2.79,418.89,1241.68,86.019
7/1/2010,30.51822005,15.18,32.86,942.39,-2.79,421.68,1209.03,84.716
7/2/2010,28.73492302,15.29,30.12,963.21,-2.83,420.21,1211.65,84.427
7/5/2010,28.74336119,15.29,29.885,964.97,-2.805,420.21,1208.25,84.608
7/6/2010,29.57622371,15.08,29.65,984.89,-2.78,421.5,1193.8,84.083
7/7/2010,25.03304541,14.74,26.84,1013.94,-2.84,419.87,1198.16,83.822
7/8/2010,18.13037646,14.29,25.71,1030.59,-2.89,421.34,1194.49,83.824
7/9/2010,16.76783653,14.55,24.98,1043.31,-2.91,421.62,1211.71,83.947
7/12/2010,15.86183956,13.99,24.43,1026.51,-2.92,420.77,1198.1,84.203
7/13/2010,6.687221461,13.77,24.56,1035.94,-3,421.33,1215.25,83.643
7/14/2010,15.43122623,13.94,24.89,1042.9,-2.92,420.65,1204.35,83.426
7/15/2010,24.35615461,13.88,25.14,1046.18,-2.85,422,1208.18,82.558
7/16/2010,25.49087689,14.19,26.25,1032.1,-2.81,420.89,1193,82.486
7/19/2010,22.57272146,14.48,25.97,1034.65,-2.82,421.13,1181.68,82.513
7/20/2010,23.00083658,14.16,23.93,1048.15,-2.82,422.12,1191.23,82.747
7/21/2010,31.81103692,13.87,25.64,1044.23,-2.74,425.4,1192.9,83.393
7/22/2010,22.66597924,14.18,24.63,1076.5,-2.8,428.9,1197.2,82.595
7/23/2010,14.15292454,13.94,23.47,1082.3,-2.86,428.16,1189.14,82.464
7/26/2010,13.27980097,13.46,22.73,1091,-2.87,429.75,1185.05,82.087
7/27/2010,11.17120119,13.65,23.19,1082.1,-2.93,430.42,1160,82.185
7/28/2010,11.56658475,13.7,24.25,1075.07,-2.88,434.33,1161.13,82.179
7/29/2010,11.12565818,13.95,24.13,1063.63,-2.88,435.69,1164.74,81.636
7/30/2010,21.17556049,14.08,23.5,1033.44,-2.79,438.56,1181,81.539
8/2/2010,12.38647997,14.43,22.01,1060.37,-2.83,440.48,1182.71,80.938
8/3/2010,20.85909506,14.37,22.63,1063.23,-2.78,440.31,1187.05,80.596
8/4/2010,15.32897835,14.27,22.21,1068.14,-2.82,443.67,1199.63,80.892
8/5/2010,20.4918047,14.28,22.1,1070.35,-2.79,446.78,1195.9,80.825
8/6/2010,28.59661541,14.17,21.74,1073.77,-2.71,445.8,1205.4,80.407
8/9/2010,27.19343374,14.51,22.14,1084.72,-2.71,445.14,1200.6,80.711
8/10/2010,30.90319922,14.44,22.37,1061.78,-2.64,442.89,1196.95,80.799
8/11/2010,38.12955015,14.34,25.39,1020.92,-2.57,443.54,1196.73,82.29
8/12/2010,34.97299605,14.36,25.73,1022.22,-2.58,445.18,1213.3,82.635
8/13/2010,42.99734759,14.42,26.24,1016.78,-2.53,447.48,1215.43,82.948
8/16/2010,52.89001739,14.34,26.1,1019.9,-2.42,448.71,1223.55,82.533
8/17/2010,45.1154243,14.42,24.33,1036.06,-2.47,451.46,1226.35,82.226
8/18/2010,43.04061535,14.33,24.59,1021.69,-2.48,452.81,1231.78,82.223
8/19/2010,49.08277545,14.85,26.44,1006.25,-2.42,452.61,1233.05,82.447
8/20/2010,45.15429238,15,25.49,991.63,-2.47,450.73,1227.89,83.057
8/23/2010,45.50533533,14.76,25.66,986.73,-2.44,453.22,1225.89,83.123
8/24/2010,64.98602386,14.9,27.46,970.95,-2.34,453.71,1230.15,83.146
8/25/2010,62.34741375,15.32,26.7,965.97,-2.38,453.26,1239.63,83.261
8/26/2010,65.40957908,15.18,27.37,976.99,-2.34,454.92,1236.61,82.934
8/27/2010,49.39709065,15.22,24.45,999.2,-2.51,455.23,1237.83,82.918
8/30/2010,59.94888417,15.39,27.21,988.34,-2.4,456.03,1237.58,83.164
8/31/2010,62.90918265,15.22,26.05,992.35,-2.33,455.07,1248.45,83.202
9/1/2010,52.08538801,15.34,23.89,1022.39,-2.45,457.39,1246.35,82.522
9/2/2010,47.06354872,15.73,23.19,1034.23,-2.49,459.4,1250.78,82.463
9/3/2010,40.85226295,15.69,21.31,1039.03,-2.58,461.43,1246.55,82.102
9/6/2010,44.61152014,15.67,22.555,1044.15,-2.525,461.43,1249.75,82.042
9/7/2010,49.0445433,15.69,23.8,1026.55,-2.47,464.24,1256.66,82.82
9/8/2010,44.05937355,15.56,23.25,1031.34,-2.52,465.32,1255.65,82.585
9/9/2010,36.49560037,15.46,22.81,1034.05,-2.63,466.55,1246.58,82.674
9/10/2010,35.23737806,15.23,21.99,1035.61,-2.67,465.66,1245.98,82.698
9/13/2010,40.71105162,15.25,21.21,1049.35,-2.59,466.28,1247.05,81.912
9/14/2010,46.0648388,15.22,21.56,1061.4,-2.53,468.94,1269.98,81.08
9/15/2010,38.5794614,15.37,22.1,1056.26,-2.59,470.93,1267.41,81.491
9/16/2010,36.79981908,15.21,21.72,1058.84,-2.61,471.4,1272.55,81.241
9/17/2010,37.56846333,15.26,22.01,1045.53,-2.59,475.49,1274.18,81.398
9/20/2010,41.32104021,14.97,21.5,1050.55,-2.55,478.64,1279.49,81.335
9/21/2010,50.49821128,14.87,22.35,1051.88,-2.44,479.61,1273.41,80.439
9/22/2010,54.93897876,14.99,22.51,1058.03,-2.4,480.37,1289.11,79.83
9/23/2010,54.03422289,14.83,23.87,1055.41,-2.4,481.56,1295.25,80.01
9/24/2010,48.72001657,15.23,21.71,1071.12,-2.47,485.14,1296.63,79.395
9/27/2010,55.28088792,15.32,22.54,1067.2,-2.38,483.97,1297,79.338
9/28/2010,58.26606014,15.67,22.6,1077.51,-2.32,483.87,1309.4,79.014
9/29/2010,52.42194215,15.65,23.25,1089.68,-2.36,485.05,1310,78.691
9/30/2010,54.57106589,15.41,23.7,1100.2,-2.37,487.26,1307.6,78.72
10/1/2010,54.44501653,15.36,22.5,1093.67,-2.38,483.94,1319.03,78.088
10/4/2010,56.26260174,15.27,23.53,1079.44,-2.37,481.65,1314.6,78.447
10/5/2010,59.23649822,15.57,21.76,1102.84,-2.38,487.89,1340.15,77.749
10/6/2010,70.16166423,15.57,21.49,1106.33,-2.28,485.52,1346.75,77.386
10/7/2010,68.28892985,15.47,21.56,1109.11,-2.28,487.52,1334.55,77.387
10/8/2010,67.73189149,15.57,20.71,1106.95,-2.29,492.14,1346.85,77.325
10/11/2010,63.82243081,15.84,18.96,1125.59,-2.31,492.14,1353.38,77.442
10/12/2010,63.00818941,15.75,18.93,1113.37,-2.31,490.46,1347.2,77.363
10/13/2010,61.45930119,15.63,19.07,1132.02,-2.33,491.32,1369.93,77.071
10/14/2010,57.50155289,15.54,19.88,1143.84,-2.38,491.41,1374.8,76.647
10/15/2010,51.46965243,15.45,19.03,1128.51,-2.45,489.76,1368.4,77.041
10/18/2010,57.36624095,15.38,19.09,1128.12,-2.37,489.68,1371.3,76.934
10/19/2010,61.56365956,15.03,20.63,1090.1,-2.36,487.46,1340.94,78.184
10/20/2010,63.27871621,15.15,19.79,1099.27,-2.37,488.09,1346.33,77.171
10/21/2010,56.69349012,14.86,19.27,1094.27,-2.44,487.54,1324.22,77.418
10/22/2010,55.77466141,15.07,18.78,1090.2,-2.46,487.88,1328.55,77.472
10/25/2010,56.62790344,15.16,19.85,1105.38,-2.45,489.67,1335.5,77.103
10/26/2010,49.58799028,15,20.22,1096.95,-2.53,493.93,1339.1,77.708
10/27/2010,47.39045328,15.1,20.71,1089.87,-2.61,491.99,1322.55,78.149
10/28/2010,54.85830602,14.91,20.88,1096.48,-2.56,491.27,1340.86,77.308
10/29/2010,60.09149966,14.63,21.2,1080.89,-2.51,490.03,1359.4,77.266
11/1/2010,57.6531246,14.69,21.83,1070.07,-2.53,489.96,1352.63,77.296
11/2/2010,62.97353637,14.71,21.57,1091.57,-2.5,490.08,1356.54,76.722
11/3/2010,56.17617693,14.69,19.56,1094.48,-2.54,494.36,1337.23,76.481
11/4/2010,68.76095409,14.38,18.52,1117.03,-2.4,500.01,1380.7,75.882
11/5/2010,63.93136491,14.51,18.26,1113.01,-2.45,500.03,1393.63,76.548
11/8/2010,63.16027072,14.24,18.29,1113.01,-2.47,496.69,1405.2,77.027
11/9/2010,52.99138935,14.3,19.08,1106.97,-2.59,500.08,1422.8,77.443
11/10/2010,59.35950242,14.49,18.47,1088.75,-2.52,498.54,1395.31,77.634
11/11/2010,56.22821253,14.84,18.64,1067.87,-2.575,501.34,1405.8,78.217
11/12/2010,55.86276737,14.9,20.61,1047.07,-2.63,495.45,1368.75,78.082
11/15/2010,45.97595103,15.11,20.2,1047.02,-2.78,493.59,1371.78,78.518
11/16/2010,57.42126803,14.63,22.58,1013.85,-2.7,487.68,1337.48,79.21
11/17/2010,57.51388839,14.88,21.76,996.96,-2.75,481.96,1337.15,79.084
11/18/2010,63.30076478,14.94,18.75,1009.03,-2.75,487.37,1351.91,78.617
11/19/2010,63.38885861,14.96,18.04,1015.39,-2.74,488.06,1353.63,78.504
11/22/2010,69.21774167,15.08,18.37,1002.47,-2.65,485.02,1358.43,78.682
11/23/2010,71.64272662,15.02,20.63,985.36,-2.62,483.24,1380.05,79.681
11/24/2010,57.80920438,15.15,19.56,992.86,-2.77,487.61,1373.43,79.867
11/25/2010,59.03405099,15.08,20.89,992.1,-2.74,487.76,1375.01,79.73
11/26/2010,64.53423717,15.08,22.22,981.27,-2.71,486.31,1363.8,80.357
11/29/2010,67.03279427,14.95,21.53,957.23,-2.66,484.22,1367.1,80.835
11/30/2010,68.8177699,14.76,23.54,944.19,-2.64,483.96,1388.53,81.195
12/1/2010,73.36404447,14.84,21.36,959.63,-2.81,490.1,1390.8,80.713
12/2/2010,70.2817069,14.67,19.39,979.56,-2.85,493.01,1386.87,80.303
12/3/2010,69.68608447,14.75,18.01,996.45,-2.89,498.29,1414.08,79.377
12/6/2010,75.53715727,14.87,18.02,1000.34,-2.8,500.15,1414.92,79.571
12/7/2010,63.92015824,14.79,17.99,997.76,-3.01,501.46,1408.68,79.857
12/8/2010,59.10486458,14.67,17.74,995.87,-3.11,503.87,1381.85,79.997
12/9/2010,65.12093335,14.53,17.25,1001.46,-3.09,505.6,1389.28,80.069
12/10/2010,60.4836348,14.59,17.61,1013.77,-3.19,503.96,1386.13,80.07
12/13/2010,68.22916141,14.53,17.55,1017.1,-3.14,506.12,1394.45,79.284
12/14/2010,55.64242829,14.46,17.61,1018.59,-3.34,502.64,1403.46,79.367
12/15/2010,56.82918167,14.34,17.94,1007.3,-3.39,503.85,1386.39,80.261
12/16/2010,62.88439932,14.26,17.39,1004.51,-3.34,505.1,1371.85,80.181
12/17/2010,68.91579246,13.98,16.11,1003.11,-3.22,505.8,1375.38,80.373
12/20/2010,69.24636998,13.9,16.41,997.18,-3.22,508.09,1386.41,80.628
12/21/2010,69.82329706,13.96,16.49,1011.59,-3.21,511.97,1387.98,80.718
12/22/2010,69.81070136,14.1,15.45,1009.71,-3.22,512.92,1387.45,80.727
12/23/2010,62.5003702,13.86,16.47,1006,-3.27,513.72,1379.4,80.522
12/24/2010,68.74305773,13.87,17.07,1007.21,-3.23,513.72,1384.65,80.474
12/27/2010,68.81708748,13.965,17.67,1001.32,-3.19,515.7,1379.8,80.366
12/28/2010,55.26580076,14.0125,17.52,996.81,-3.35,517.73,1405.03,80.365
12/29/2010,69.42914077,14.06,17.28,1007.42,-3.22,517.72,1411.98,79.796
12/30/2010,69.21853105,13.94,17.52,1008.39,-3.26,518.66,1404.98,79.521
12/31/2010,76.46165939,14.02,17.75,1013.58,-3.18,520.33,1421.4,79.028
1/3/2011,67.63711196,14.02,17.61,1029.39,-3.21,523.47,1420,79.127
1/4/2011,66.79979145,14.21,17.38,1025.91,-3.22,521.68,1376.59,79.444
1/5/2011,53.2804038,14.31,17.02,1021.83,-3.36,524.17,1376.7,80.258
1/6/2011,60.19058791,14.47,17.4,1015.14,-3.29,523.85,1373.86,80.791
1/7/2011,65.87897539,14.41,17.14,1007.61,-3.2,522.03,1369.54,81.012
1/10/2011,68.68831219,14.01,17.54,1014.73,-3.17,525.62,1371.44,80.881
1/11/2011,62.64762728,14.09,16.89,1027.63,-3.22,532.53,1382.24,80.846
1/12/2011,63.66668449,14.03,16.24,1054.22,-3.25,536.32,1383.75,80.031
1/13/2011,72.58577786,14.06,16.39,1057.23,-3.19,537.91,1384.43,79.191
1/14/2011,74.27681315,14.27,15.46,1049.62,-3.2,536.92,1361.85,79.162
1/17/2011,73.0225703,14.34,15.665,1047.88,-3.215,536.92,1360.95,79.337
1/18/2011,84.9540172,14.39,15.87,1083.63,-3.23,541.06,1367.68,78.962
1/19/2011,79.34446706,14.16,17.31,1075.57,-3.21,540.81,1370.75,78.64
1/20/2011,68.83561823,14.15,17.99,1068.34,-3.31,541.49,1352.14,78.823
1/21/2011,74.35318998,14.26,18.47,1072.8,-3.28,542.1,1342.68,78.213
1/24/2011,73.30733399,14.37,17.65,1097.33,-3.27,546.27,1343.7,78.05
1/25/2011,76.66124471,14.68,17.59,1075.7,-3.19,545.38,1333.33,78.002
1/26/2011,69.57415066,14.69,16.64,1066.13,-3.29,548.16,1330.83,77.898
1/27/2011,69.8134855,14.51,16.15,1066.5,-3.27,548.16,1322.09,77.727
1/28/2011,71.4547825,14.54,20.04,1043,-3.21,551.03,1336.78,78.133
1/31/2011,65.41079546,14.76,19.53,1055.48,-3.27,554.45,1337.14,77.735
2/1/2011,57.81679344,14.64,17.63,1075.3,-3.33,556.51,1341.99,77.067
2/2/2011,57.43955935,14.76,17.3,1104.33,-3.36,558.28,1330.08,77.158
2/3/2011,51.17334957,14.47,16.69,1090.47,-3.44,557.91,1354.25,77.748
2/4/2011,47.13742035,14.49,15.93,1081.94,-3.53,559.39,1348.93,78.044
2/7/2011,47.9666821,14.42,16.28,1094.06,-3.52,560.1,1349.2,78.029
2/8/2011,45.09506313,14.49,15.81,1088.02,-3.6,561.89,1367.74,77.999
2/9/2011,52.45973793,14.46,15.87,1085.03,-3.51,564.94,1362.98,77.641
2/10/2011,46.62650043,14.47,16.09,1075.59,-3.58,566.05,1361.98,78.25
2/11/2011,41.81215849,14.67,15.69,1087.97,-3.52,563.84,1356.95,78.46
2/14/2011,44.30989699,14.67,15.95,1102.89,-3.49,563.18,1364.83,78.614
2/15/2011,44.076881,14.57,16.37,1101.67,-3.48,561.46,1372.48,78.573
2/16/2011,39.04121745,14.46,16.72,1118.83,-3.5,561.68,1374.64,78.223
2/17/2011,40.64276454,14.59,16.59,1129.23,-3.49,563.88,1383.38,77.995
2/18/2011,38.65005912,14.63,16.43,1142.36,-3.49,552.99,1389.99,77.664
2/21/2011,44.77040011,15.04,18.615,1132.22,-3.415,552.99,1406.13,77.689
2/22/2011,47.88095559,15.02,20.8,1112.02,-3.34,557.43,1397.57,77.768
2/23/2011,47.61729249,14.96,22.13,1095.69,-3.37,557.39,1415.55,77.409
2/24/2011,43.13315955,15.05,21.32,1111.26,-3.33,555.02,1413.88,77.057
2/25/2011,41.64944566,15.21,19.22,1109.95,-3.29,561.86,1410.65,77.275
2/28/2011,40.98887991,15.3,18.35,1095.91,-3.27,565.78,1411.88,76.889
3/1/2011,40.07641365,15.28,21.01,1088.65,-3.27,565.78,1428.43,77.049
3/2/2011,37.86089292,15.2,20.7,1084.55,-3.33,567.21,1436.85,76.671
3/3/2011,30.39737754,15.17,18.6,1086.13,-3.45,568.52,1416.31,76.483
3/4/2011,33.13679105,15.5,19.06,1081.04,-3.37,572.98,1430.95,76.4
3/7/2011,32.28227733,15.39,20.66,1068.53,-3.4,571.94,1432.03,76.496
3/8/2011,28.18094674,15.31,19.82,1068.99,-3.45,569.32,1427.89,76.798
3/9/2011,33.27850034,15.36,20.22,1078.83,-3.38,567.47,1429.56,76.721
3/10/2011,42.25160733,15.3,21.88,1047.87,-3.29,565.15,1407.68,77.276
3/11/2011,37.79885349,15.3,20.08,1035.5,-3.32,560.25,1417.65,76.776
3/14/2011,41.29728961,16.02,21.13,1082.59,-3.27,559.05,1425.43,76.349
3/15/2011,40.31187699,16.67,24.32,1132.67,-3.23,551.59,1394.75,76.328
3/16/2011,51.24489592,16.71,29.4,1105.75,-3.12,551.59,1397,76.681
3/17/2011,46.3037705,16.28,26.37,1125.5,-3.17,551.59,1403.65,76.041
3/18/2011,45.06475615,16.76,24.44,1118.01,-3.21,560.26,1418.56,75.718
3/21/2011,41.23789819,16.35,20.61,1130.4,-3.24,560.56,1427.3,75.401
3/22/2011,43.40552265,16.42,20.21,1122.51,-3.24,562.52,1426.48,75.434
3/23/2011,39.64956674,16.42,19.17,1135.19,-3.27,563.14,1437.85,75.794
3/24/2011,35.13366262,16.06,18,1146.98,-3.33,568.87,1433.6,75.656
3/25/2011,32.37380089,16.33,17.91,1149.2,-3.37,570.15,1429.88,76.217
3/28/2011,33.2176469,16.79,19.44,1177.22,-3.36,570.75,1420.76,76.128
3/29/2011,34.71310968,16.69,18.16,1182.15,-3.4,571.57,1416.71,76.249
3/30/2011,39.58874461,16.66,17.71,1194.55,-3.37,569.27,1423.87,76.118
3/31/2011,41.07459186,16.88,17.74,1199.18,-3.38,575.25,1437.78,75.857
4/1/2011,43.14308885,16.75,17.4,1199.06,-3.39,576.28,1428.73,75.833
4/4/2011,39.386065,16.83,17.5,1202.59,-3.39,576.24,1433.45,75.912
4/5/2011,36.82355951,16.62,17.25,1195.9,-3.43,578.75,1452.69,75.882
4/6/2011,30.06230081,16.74,16.9,1189.41,-3.5,578.06,1456.38,75.514
4/7/2011,29.20637009,16.58,17.11,1169.07,-3.54,578.06,1455.71,75.585
4/8/2011,29.74671396,16.6,17.87,1173.4,-3.55,579.68,1474.91,75.066
4/11/2011,29.60886954,16.36,16.59,1165.88,-3.54,579.02,1466.56,75.056
4/12/2011,33.53093181,16.2,17.09,1150.59,-3.47,579.02,1453.53,74.853
4/13/2011,36.31599006,16.25,16.92,1162.86,-3.43,577.88,1454.9,74.98
4/14/2011,34.37570651,16.38,16.27,1147,-3.44,576.31,1472.04,74.685
4/15/2011,41.47224841,16.69,15.32,1132,-3.36,574.43,1486.88,74.832
4/18/2011,42.80201075,16.3,16.96,1097.05,-3.33,575.97,1494.65,75.504
4/19/2011,40.82531754,16.41,15.83,1101.64,-3.33,575.44,1496.6,75.029
4/20/2011,38.08586209,16.62,15.07,1117.41,-3.37,575.48,1500.2,74.368
4/21/2011,33.98349433,16.5,14.69,1121.85,-3.36,576.8,1506.95,74.109
4/22/2011,35.11085746,16.87,15.23,1121.27,-3.34,576.8,1507.04,74.108
4/25/2011,38.55505545,16.695,15.77,1120.69,-3.32,575.23,1508.7,73.986
4/26/2011,43.1141424,16.52,15.62,1129.2,-3.27,573.39,1502.31,73.837
4/27/2011,35.71813538,16.61,15.35,1126.04,-3.33,569.79,1512.59,73.519
4/28/2011,40.91798339,16.77,14.62,1137.05,-3.3,566.37,1531.35,73.121
4/29/2011,42.15142877,16.7,14.75,1171.83,-3.28,569.61,1563.7,72.933
5/2/2011,40.60737487,17.03,15.99,1159.16,-3.26,569.7,1563.29,72.951
5/3/2011,41.5862919,16.81,16.7,1140.64,-3.25,569.7,1539.73,73.14
5/4/2011,43.8010361,16.7,17.08,1114.12,-3.22,565.64,1511.57,73.031
5/5/2011,44.79519474,16.58,18.2,1100.35,-3.16,558.79,1481.65,74.194
5/6/2011,43.71642859,16.66,18.4,1106.73,-3.17,554.03,1495.58,74.841
5/9/2011,43.53838764,16.63,17.16,1099.25,-3.14,555.55,1506.7,74.737
5/10/2011,41.10261557,16.56,15.91,1111.57,-3.2,554.94,1516.16,74.611
5/11/2011,42.90473231,16.44,16.95,1102.81,-3.16,554.94,1500.58,75.327
5/12/2011,39.34879623,16.52,16.03,1105.96,-3.2,553.68,1497.85,75.24
5/13/2011,38.5179126,16.38,17.07,1092.79,-3.15,553.25,1495.15,75.757
5/16/2011,41.73016771,16.55,18.24,1085.39,-3.11,554,1492.89,75.47
5/17/2011,46.29972726,16.21,17.55,1073.2,-3.08,564.53,1480.5,75.399
5/18/2011,35.56464745,16.19,16.23,1081,-3.13,560.45,1496.08,75.475
5/19/2011,36.31853428,16.11,15.52,1077.86,-3.12,560.23,1493.1,75.123
5/20/2011,40.70955353,15.99,17.43,1060.92,-3.1,560.26,1512.23,75.435
5/23/2011,40.35992427,15.81,18.27,1035.39,-3.07,555.63,1514.5,76.104
5/24/2011,41.18229696,16.05,17.82,1029.39,-3.06,555.17,1521.15,75.882
5/25/2011,41.42577606,16.05,17.07,1021.73,-3.07,559.08,1527.5,75.932
5/26/2011,43.21276644,16.05,16.09,1020.58,-3.02,561.18,1522.9,75.549
5/27/2011,42.21132566,16.6,15.98,1032.03,-3.02,561.91,1536.4,74.954
5/30/2011,42.91905191,16.645,15.715,1046.46,-3.005,561.91,1538.95,74.958
5/31/2011,48.94853741,16.69,15.45,1071.21,-2.99,564.53,1536.23,74.638
6/1/2011,53.56164741,16.51,18.3,1043.95,-2.91,564.54,1545.33,74.677
6/2/2011,48.74493609,16.46,18.09,1044.05,-3,565.88,1528.24,74.333
6/3/2011,53.0841185,16.53,17.95,1049.18,-2.95,563.15,1542.28,73.783
6/6/2011,53.40588193,16.39,18.49,1038.23,-2.96,559.42,1551.6,73.952
6/7/2011,51.59735125,16.35,18.07,1047.87,-2.96,558.5,1542.46,73.521
6/8/2011,53.93098697,16.21,18.79,1018.11,-2.94,560.85,1539.25,73.93
6/9/2011,51.96650891,16.38,17.77,1017.01,-2.96,562.62,1544.89,74.192
6/10/2011,51.67250972,16.37,18.86,1004.58,-2.94,562.63,1531.27,74.795
6/13/2011,50.76011499,16.4,19.61,1006.87,-2.95,560.21,1523.13,74.512
6/14/2011,42.57922887,16.21,18.26,1034.26,-3.06,560.64,1520.4,74.332
6/15/2011,51.76182112,15.98,21.32,1002.84,-2.93,560.32,1524.78,75.601
6/16/2011,58.6012357,15.82,22.73,994.7,-2.88,556.25,1527.65,75.752
6/17/2011,56.5871421,15.4,21.85,998.68,-2.9,556.91,1539.4,74.988
6/20/2011,53.38540202,15.02,19.99,987.68,-2.94,554.79,1539.59,75.029
6/21/2011,53.2315551,14.55,18.86,1003.13,-2.96,555.84,1544.36,74.541
6/22/2011,51.70984794,14.54,18.52,1007.71,-2.99,552.96,1553.99,74.783
6/23/2011,57.59360772,13.15,19.29,993.04,-2.92,551.18,1519.32,75.447
6/24/2011,62.13795777,12.07,21.1,983.49,-2.86,550.81,1502.55,75.665
6/27/2011,54.72091442,12.76,20.56,986.95,-2.93,549.36,1492.2,75.392
6/28/2011,47.5664119,13.32,19.17,1000.75,-3.02,551.03,1501.9,75.063
6/29/2011,43.30312935,12.83,17.27,1016.68,-3.12,552.29,1509.48,74.691
6/30/2011,43.04104038,13.36,16.52,1033.42,-3.15,550.3,1504.72,74.303
7/1/2011,38.60695524,13.11,15.87,1036.94,-3.2,548.02,1487.43,74.349
7/5/2011,42.40716734,13.38,16.06,1030.7,-3.14,550.9,1510.43,74.691
7/6/2011,42.70163581,13.01,16.34,1010.85,-3.11,550.96,1529.7,75.122
7/7/2011,36.93977109,12.85,15.95,1016.01,-3.14,553.38,1528.94,74.957
7/8/2011,46.16390436,12.54,15.95,999.54,-3,552.4,1544.15,75.179
7/11/2011,49.25449397,11.94,18.39,965.91,-2.91,548.17,1547.41,75.989
7/12/2011,51.86271957,12.25,19.87,945.74,-2.89,547.37,1554.13,75.809
7/13/2011,49.87241545,11.84,19.91,961.72,-2.91,552.36,1584.7,75.208
7/14/2011,45.5879942,12.15,20.8,950.29,-2.97,555.81,1589.01,75.253
7/15/2011,44.92636484,12.26,19.53,950.69,-2.92,554.02,1593.6,75.126
7/18/2011,45.4423921,12.08,20.95,929.41,-2.92,552.47,1603.7,75.483
7/19/2011,52.38085316,12.25,19.21,949.39,-2.88,554.61,1601.32,75.221
7/20/2011,47.3050974,12.64,19.09,962.93,-2.94,555.44,1595.33,74.792
7/21/2011,-18.62363776,12.95,17.56,977.07,-2.98,555.47,1594.78,74.015
7/22/2011,-14.05120204,12.84,17.52,987.53,-2.94,556.24,1601.33,74.201
7/25/2011,-17.4727937,12.79,19.35,972.63,-2.98,553.78,1611.96,74.064
7/26/2011,-12.52823402,12.75,20.23,972.08,-2.92,556.16,1614.73,73.474
7/27/2011,-13.99265232,12.28,22.98,942.77,-2.93,557.04,1613.48,74.087
7/28/2011,-11.67541731,12.37,23.74,933.23,-2.91,556.13,1613.3,74.222
7/29/2011,0.272040782,12.11,25.25,935.01,-2.72,554.05,1627.05,73.897
8/1/2011,0.894529391,11.88,23.66,926.21,-2.67,556.3,1626.93,74.262
8/2/2011,8.26105225,11.61,24.79,902.05,-2.6,557.77,1641.8,74.513
8/3/2011,13.55731482,11.3,23.38,889.94,-2.62,554.43,1666.5,74.044
8/4/2011,28.01323011,11.17,31.66,834.72,-2.45,551.37,1654.69,75.124
8/5/2011,15.8602822,10.58,32,820.91,-2.57,548.15,1663.95,74.598
8/8/2011,29.56918466,10.62,48,756.71,-2.35,541.53,1717.13,74.791
8/9/2011,44.47989081,11.3,35.06,790.75,-2.17,541.35,1740.9,74.605
8/10/2011,47.1367925,11.47,42.99,772.33,-2.15,541.38,1775.95,74.636
8/11/2011,31.2276599,12.13,39,811.39,-2.31,539.15,1764.79,74.677
8/12/2011,39.11286472,12.33,36.36,813.87,-2.22,540.76,1746.68,74.607
8/15/2011,34.65515997,12.34,31.87,845.17,-2.27,543.51,1753.43,73.836
8/16/2011,41.70391977,12.25,32.85,835.02,-2.2,541.12,1781.4,74.01
8/17/2011,46.14167105,12.67,31.58,837.32,-2.16,542.66,1785,73.674
8/18/2011,51.27882951,12.2,42.67,786.44,-2.07,539.89,1819.15,74.244
8/19/2011,56.20442088,12.36,43.05,762.97,-2.05,539.91,1852.08,74.009
8/22/2011,53.39017515,12.43,42.44,760.9,-2.09,539.06,1887.43,74.074
8/23/2011,50.30953871,12.78,36.27,790.46,-2.14,540.57,1857.68,73.894
8/24/2011,38.7312808,13.03,35.9,802.8,-2.27,538.56,1766.38,74.012
8/25/2011,43.39581556,12.88,39.76,793.05,-2.22,537.85,1765.95,74.279
8/26/2011,47.93976408,13.05,35.59,809.31,-2.18,541.57,1827.15,73.814
8/29/2011,43.51328617,13.18,32.28,840.17,-2.26,543.02,1790.5,73.721
8/30/2011,52.0451268,13.38,32.89,837.05,-2.18,543.48,1825.88,73.946
8/31/2011,50.10633384,12.84,31.62,842.65,-2.21,544.28,1834.99,74.117
9/1/2011,56.47249473,12.8,31.82,824.99,-2.13,541.22,1825.3,74.479
9/2/2011,65.79889385,12.51,33.92,791.99,-2,541.84,1882.96,74.756
9/6/2011,69.62298177,12.09,37,755.55,-1.96,541.33,1878.23,75.952
9/7/2011,61.64656957,12.34,33.38,773.66,-2.03,541.75,1824.25,75.467
9/8/2011,63.99178823,12.16,34.32,759.44,-1.98,542.1,1854.56,76.246
9/9/2011,66.62031951,11.79,38.52,719.21,-1.92,540.71,1855.58,77.192
9/12/2011,66.41066572,11.81,38.59,704.91,-1.93,538.5,1812.96,77.578
9/13/2011,62.47698997,11.94,36.91,710.41,-1.99,535.94,1828.83,76.919
9/14/2011,63.48848023,12.13,34.6,722.09,-2.02,536.15,1815.9,76.833
9/15/2011,59.08293096,12.28,31.97,720.46,-2.08,535.35,1780.86,76.241
9/16/2011,58.84504119,12.06,30.98,708.14,-2.07,533.61,1811.38,76.599
9/19/2011,64.68108274,11.72,32.73,680.6,-1.96,529.29,1780.9,77.146
9/20/2011,65.17726352,11.82,32.86,661.78,-1.94,527.43,1802.89,77.03
9/21/2011,73.84211514,11.72,37.32,643.75,-1.87,526.14,1808.7,77.342
9/22/2011,85.72241864,11.25,41.35,604.95,-1.72,517.13,1747.4,78.455
9/23/2011,76.54182016,11.27,41.25,613.84,-1.83,514.01,1656.74,78.501
9/26/2011,70.68943973,10.81,39.02,615.85,-1.89,514.28,1601.35,78.363
9/27/2011,65.4464175,10.74,37.71,633.19,-1.99,513.38,1656.55,77.506
9/28/2011,60.54194728,10.42,41.08,611.35,-2.01,509.49,1628.15,77.852
9/29/2011,64.87716841,10.85,38.84,610.09,-1.97,507.87,1615.93,78.028
9/30/2011,74.92009477,10.66,42.96,591.4,-1.9,503.56,1623.79,78.553
10/3/2011,82.43924775,10.09,45.45,556.35,-1.78,503.56,1656.3,79.431
10/4/2011,83.12627916,10.02,40.82,562.97,-1.8,502.79,1621.49,79.597
10/5/2011,78.14799924,10.15,37.81,581.53,-1.92,504.72,1638.77,78.919
10/6/2011,74.19272477,10.4,36.27,614.39,-2,505.86,1643.43,78.634
10/7/2011,71.49216404,10.4,36.2,593.84,-2.09,504.62,1637.85,78.726
10/10/2011,68.27112509,10.66,33.02,610.01,-2.125,503.34,1668.55,77.494
10/11/2011,64.89435402,10.61,32.86,602.18,-2.16,507.98,1663,77.585
10/12/2011,57.11337197,10.64,31.26,615.41,-2.22,507.45,1679.25,76.994
10/13/2011,61.18539803,10.24,30.7,616.34,-2.17,507.06,1662.41,76.996
10/14/2011,55.81743963,10.36,28.24,624.33,-2.24,507.06,1680.95,76.623
10/17/2011,61.84629556,10.29,33.39,603.13,-2.14,508.42,1670.54,77.146
10/18/2011,59.58137338,10.25,31.56,610.2,-2.15,507.61,1654.07,77.138
10/19/2011,59.30074469,9.97,34.44,599.84,-2.15,507.35,1646.17,77.114
10/20/2011,58.6356315,10.14,34.78,598.67,-2.17,503.93,1611.23,76.974
10/21/2011,57.62330477,10.31,31.32,599.23,-2.21,503.95,1641.85,76.395
10/24/2011,55.48278202,10.49,29.26,623.16,-2.23,506.4,1650.04,76.028
10/25/2011,64.61736876,10.36,32.22,608.12,-2.13,510.69,1697.09,76.122
10/26/2011,57.61542823,10.07,29.86,614.02,-2.21,508.88,1724.75,76.246
10/27/2011,43.44686542,10.38,25.46,658.93,-2.4,509.92,1741.83,74.879
10/28/2011,49.29942447,10.37,24.53,662.63,-2.33,510.91,1743.43,75.067
10/31/2011,63.80794956,10.12,29.96,622.28,-2.16,510.23,1724.48,76.166
11/1/2011,74.07042825,9.85,34.77,594.27,-2,507.15,1714.39,77.261
11/2/2011,71.99133645,9.47,32.74,602.4,-2.02,506.75,1731.75,77.017
11/3/2011,66.9405805,9.66,30.5,602.32,-2.08,506.31,1763.51,76.672
11/4/2011,65.38140806,9.39,30.16,607.15,-2.05,501.99,1754.65,76.962
11/7/2011,67.47033088,9.93,29.85,609.7,-2.03,504.01,1786,76.962
11/8/2011,67.62279215,10.07,27.48,604.84,-2.09,503.56,1800.44,76.586
11/9/2011,73.74471705,9.87,36.16,588.81,-1.99,500.53,1790.75,77.926
11/10/2011,69.17995767,9.8,32.81,580.38,-2.03,498.81,1753.8,77.743
11/11/2011,68.52610276,10.11,30.04,597.43,-2.03,499.23,1788.63,76.945
11/14/2011,67.86025623,10.04,31.13,589.54,-2.03,495.45,1776.85,77.569
11/15/2011,67.85551136,10.01,31.22,580.71,-2.05,497.27,1781.68,77.872
11/16/2011,72.9179109,9.85,33.51,577.89,-2,496.32,1768.83,78.016
11/17/2011,76.65278111,9.63,34.51,572.88,-1.94,493.34,1720.45,78.282
11/18/2011,70.48261636,9.33,32,567.64,-2,492.81,1723.93,78.064
11/21/2011,74.55261418,8.88,32.91,551.39,-1.95,488.37,1673.94,78.3
11/22/2011,79.12866884,9.08,31.97,552.59,-1.92,487.62,1702.36,78.266
11/23/2011,81.87110605,8.42,33.98,542.44,-1.87,486.16,1696.6,79.141
11/25/2011,75.19769279,7.69,34.47,536.29,-1.95,485.45,1683.53,79.686
11/28/2011,76.24852485,7.97,32.13,553.82,-1.94,487.03,1710.91,79.263
11/29/2011,72.87589886,7.98,30.64,553.46,-1.98,489,1714.37,79.007
11/30/2011,63.01725256,8.35,27.8,580.86,-2.07,490,1745.59,78.384
12/1/2011,60.19583196,7.93,27.41,583.01,-2.1,489,1735.98,78.328
12/2/2011,67.52955841,7.82,27.52,580.11,-2.03,488.68,1746.59,78.625
12/5/2011,68.95362121,7.31,27.84,584.25,-2.03,487.68,1732.65,78.57
12/6/2011,67.55790574,7.32,28.13,574.9,-2.07,486.4,1724.9,78.499
12/7/2011,66.51402564,7.21,28.67,580.17,-2,486.32,1738.63,78.485
12/8/2011,67.1012398,7.64,30.59,566.91,-1.98,486.26,1709.18,78.832
12/9/2011,62.41329414,7.84,26.38,571.06,-2.06,484.37,1711.47,78.632
12/12/2011,60.95299526,7.54,25.67,558.33,-2.02,481.09,1664.95,79.534
12/13/2011,67.22064616,7.03,25.41,552.33,-1.95,479.77,1657.75,80.242
12/14/2011,70.25755988,6.45,26.04,537.15,-1.91,475.24,1587.78,80.589
12/15/2011,71.63919155,6.77,25.11,538.33,-1.92,474.54,1570.89,80.321
12/16/2011,75.89629139,6.75,24.29,540.15,-1.86,475.3,1598.95,80.256
12/19/2011,78.18877009,6.98,24.92,532.29,-1.81,475.45,1595.1,80.25
12/20/2011,69.84991534,8.54,23.22,546.05,-1.93,476.02,1615.57,79.882
12/21/2011,63.77510008,7.98,21.43,544.57,-1.97,476.7,1613.93,80.022
12/22/2011,64.64644802,7.71,21.16,551.42,-1.96,476.67,1606.44,79.964
12/23/2011,59.08091499,7.85,20.73,556,-2.02,478.67,1606.88,79.93
12/27/2011,61.00338544,7.635,21.91,551.5,-2,479.8,1590.48,79.797
12/28/2011,67.46882897,7.42,23.52,543.82,-1.92,479.95,1562.45,80.497
12/29/2011,68.41117073,6.91,22.65,548.33,-1.89,480.99,1534.7,80.486
12/30/2011,68.59848282,6.97,23.4,556.14,-1.87,482.01,1564.91,80.178
1/3/2012,59.05211762,6.28,22.97,569.01,-1.95,483.93,1599.05,79.611
1/4/2012,55.01179625,6.27,22.22,562.62,-1.98,484.21,1616.52,80.129
1/5/2012,52.24122503,6.43,21.48,556.18,-2,483.43,1616.84,80.936
1/6/2012,52.68082581,6.3,20.63,553.65,-1.96,480.76,1617.09,81.254
1/9/2012,51.01738915,6.51,21.07,559.45,-1.97,482.46,1611.94,81.051
1/10/2012,48.74925265,6.84,20.69,571.65,-1.98,483,1633.14,80.805
1/11/2012,53.31022802,6.75,21.05,589.51,-1.91,483.8,1641.2,81.351
1/12/2012,51.88995142,6.92,20.47,599.79,-1.91,482.72,1652.92,80.77
1/13/2012,55.82811733,6.73,20.91,584.38,-1.86,481.37,1638.92,81.515
1/17/2012,58.28246597,6.48,22.2,591.68,-1.84,485.06,1656.52,81.182
1/18/2012,51.64657285,6.61,20.89,603.51,-1.89,486.6,1660.21,80.609
1/19/2012,42.67939911,7.07,19.87,597.9,-1.96,488,1652.62,80.216
1/20/2012,41.95276898,7.02,18.28,597.26,-2,489.64,1666.6,80.223
1/23/2012,38.80727672,6.86,18.67,596.52,-2.05,490.64,1675.38,79.783
1/24/2012,39.52873434,7.26,18.91,590.88,-2.04,491.58,1667.34,79.868
1/25/2012,43.59914487,7.33,18.31,592.22,-1.97,491.91,1690.14,79.579
1/26/2012,41.98093053,7.49,18.57,602.26,-1.91,496.67,1724.8,79.395
1/27/2012,44.62841278,7.97,18.53,613.81,-1.87,501.2,1738.95,78.902
1/30/2012,50.83027847,7.55,19.4,605.24,-1.82,498.33,1730.83,79.167
1/31/2012,53.21407497,7.84,19.44,600.1,-1.77,499,1730.91,79.288
2/1/2012,49.326922,8.26,18.55,607.74,-1.81,500.38,1745.3,78.922
2/2/2012,47.48317999,8.53,17.98,613.91,-1.78,500.97,1755.3,78.991
2/3/2012,39.70257886,8.29,17.1,622.92,-1.89,502.54,1726.33,78.924
2/6/2012,44.32571086,8.49,17.76,625.75,-1.85,498.79,1722.45,79.069
2/7/2012,37.8038938,8.53,17.65,633.12,-1.92,497.73,1746.55,78.576
2/8/2012,38.84302877,8.12,18.16,640.18,-1.92,498.55,1734.29,78.641
2/9/2012,34.53793211,7.79,18.63,666.18,-1.95,500.3,1739.4,78.566
2/10/2012,40.1927126,7.71,20.79,652.91,-1.87,498.05,1721.85,79.114
2/13/2012,40.43702224,7.46,19.04,647.13,-1.88,497.01,1723.15,78.946
2/14/2012,47.06602303,7.89,19.54,636.54,-1.8,495.44,1715.9,79.58
2/15/2012,43.78899642,8.14,21.14,634.1,-1.82,494.72,1727.53,79.67
2/16/2012,41.20354806,8.77,19.22,634.48,-1.89,495.31,1722.36,79.348
2/17/2012,42.74877154,9.04,17.78,647.15,-1.92,495.92,1723.49,79.331
2/21/2012,40.63927423,8.96,18.19,653.85,-1.97,497.71,1751.9,79.044
2/22/2012,42.7049234,8.93,18.19,648.11,-1.92,498.72,1757.28,79.211
2/23/2012,45.17174444,8.62,16.8,630.34,-1.9,500.23,1786.45,78.819
2/24/2012,44.74728127,9.19,17.31,623.77,-1.88,501.63,1772.35,78.352
2/27/2012,49.73563615,9.28,18.19,618.43,-1.8,501.08,1775.75,78.568
2/28/2012,47.43262529,8.8,17.96,623.44,-1.84,502.72,1786.8,78.273
2/29/2012,41.57999395,8.34,18.43,612.62,-1.9,503.46,1721.9,78.737
3/1/2012,36.25831388,8.65,17.26,611.78,-1.95,503.72,1717.84,78.789
3/2/2012,38.66651835,8.83,17.29,613.96,-1.92,503.97,1712.45,79.403
3/5/2012,38.22033161,8.62,18.05,605.96,-1.92,505.47,1698.75,79.3
3/6/2012,41.47016933,8.35,20.87,590.3,-1.88,501.19,1667.02,79.866
3/7/2012,39.80612765,8.4,19.07,588.38,-1.9,499.74,1682.69,79.712
3/8/2012,33.06624258,8.25,17.95,594.89,-1.95,500.01,1698.03,79.139
3/9/2012,37.94147647,7.9,17.11,600.77,-1.95,501.98,1713.85,80.041
3/12/2012,38.66722194,7.66,15.64,593.92,-1.95,503.32,1700.63,79.89
3/13/2012,29.72905695,7.62,14.8,604.39,-2.06,504.41,1693.7,80.193
3/14/2012,12.74647168,7.95,15.31,599.66,-2.2,505.09,1636,80.565
3/15/2012,15.50488191,7.83,15.42,605.23,-2.21,505.72,1662.13,80.15
3/16/2012,16.25136476,7.6,14.47,609.52,-2.22,504.84,1659.98,79.786
3/19/2012,15.43868358,7.62,15.04,604.39,-2.29,505.15,1664.95,79.452
3/20/2012,9.453137527,7.02,15.58,602.17,-2.28,502.34,1648,79.593
3/21/2012,21.81925939,7.26,15.13,594.86,-2.22,501.28,1651.43,79.657
3/22/2012,15.84587931,6.71,15.57,591.79,-2.21,499.94,1642.03,79.736
3/23/2012,23.79484044,6.87,14.82,597.32,-2.17,501.06,1661.7,79.345
3/26/2012,17.92056372,6.84,14.26,598.56,-2.17,501.92,1684.16,78.982
3/27/2012,26.72192139,7.12,15.59,598.89,-2.11,500.59,1684.73,79.047
3/28/2012,24.62341486,7.04,15.47,585.49,-2.12,498.01,1664.91,79.126
3/29/2012,28.31958051,6.71,15.48,581.09,-2.11,493.92,1651.25,79.186
3/30/2012,25.27380301,6.98,15.5,581.37,-2.16,497.18,1668.15,79.004
4/2/2012,25.24064648,6.21,15.64,579.94,-2.14,496.98,1679.71,78.82
4/3/2012,17.5574465,6.35,15.66,577.96,-2.22,496.74,1675.49,79.483
4/4/2012,22.76683685,6.08,16.44,565.38,-2.17,494.45,1618.63,79.778
4/5/2012,27.55160673,6.68,16.7,567.7,-2.11,495.21,1628,80.076
4/6/2012,38.39193635,6.73,17.755,568.16,-2,495.21,1640.3,79.886
4/9/2012,39.44342098,6.755,18.81,561.46,-1.97,492.63,1645.4,79.733
4/10/2012,43.64291523,6.78,20.39,557.07,-1.92,490.36,1656.76,79.891
4/11/2012,40.72553713,6.92,20.02,562.04,-1.96,490.09,1659.25,79.795
4/12/2012,39.11679949,7.06,17.2,564.32,-1.99,491.42,1675.03,79.285
4/13/2012,44.09777407,7.12,19.55,555,-1.93,492.34,1658.38,79.888
4/16/2012,45.37493765,6.79,19.55,555.04,-1.92,488.05,1649.56,79.555
4/17/2012,40.00335487,7.05,18.46,563.48,-1.95,488.28,1652,79.476
4/18/2012,44.48532247,7.2,18.64,559.08,-1.93,486.82,1639.6,79.538
4/19/2012,45.29153846,7.33,18.36,554.11,-1.91,487.54,1639.88,79.561
4/20/2012,43.643477,7.32,17.44,550.87,-1.91,488.04,1643.05,79.194
4/23/2012,46.06520424,7.07,18.97,536.03,-1.88,487.22,1632.23,79.42
4/24/2012,42.62312422,7.07,18.1,537.85,-1.91,489.15,1641.39,79.225
4/25/2012,42.29633961,7.03,16.82,540.18,-1.92,489.19,1633.43,79.012
4/26/2012,41.25258002,7.22,16.24,538.96,-1.89,490.81,1658.1,78.919
4/27/2012,39.36098218,7.24,16.32,542.33,-1.87,492.4,1662.85,78.709
4/30/2012,38.91671211,7.48,17.15,540.01,-1.85,491.42,1663.81,78.776
5/1/2012,38.21799498,7.47,16.6,542.43,-1.89,491.41,1662.98,78.864
5/2/2012,39.78399989,7.12,16.88,538.81,-1.88,489.41,1653.34,79.132
5/3/2012,39.39000203,7.06,17.56,529.32,-1.87,488.48,1634.53,79.221
5/4/2012,43.68269969,6.6,19.16,526.04,-1.84,483.73,1642.35,79.498
5/7/2012,42.85238635,6.61,18.94,519.56,-1.82,487.57,1639.9,79.603
5/8/2012,44.69895344,6.74,19.05,514.76,-1.79,485.99,1602.93,79.738
5/9/2012,43.66844106,6.68,20.08,508.89,-1.78,484.07,1590.32,80.08
5/10/2012,41.85476272,6.65,18.83,512.06,-1.79,481.02,1596,80.112
5/11/2012,45.79858519,6.73,19.89,507.13,-1.74,480.34,1579.35,80.264
5/14/2012,59.09900279,6.56,21.87,494.47,-1.68,479.72,1561.23,80.606
5/15/2012,56.77814076,6.45,21.97,481.24,-1.67,480.76,1558.83,81.221
5/16/2012,58.81131259,6.5,22.27,472.39,-1.66,480.4,1542.43,81.372
5/17/2012,62.83475306,6.45,24.49,465.14,-1.6,480.32,1576.35,81.383
5/18/2012,63.27406496,6.33,25.1,450.58,-1.63,480.59,1593.03,81.292
5/21/2012,60.74912691,6.6,22.01,451.45,-1.66,482.89,1591.64,81.084
5/22/2012,58.38424216,6.88,22.48,453.62,-1.7,479.9,1582.48,81.493
5/23/2012,62.70431946,6.68,22.33,447.71,-1.64,476.36,1544.35,82.094
5/24/2012,55.9182777,6.78,21.54,448.81,-1.67,475.63,1564.2,82.347
5/25/2012,61.1663263,6.8,21.76,448.13,-1.66,473.96,1573,82.402
5/29/2012,60.76367577,6.54,21.03,453.12,-1.65,473.07,1558.2,82.48
5/30/2012,69.37498039,6.4,24.14,447.84,-1.56,472.01,1564.75,83.018
5/31/2012,74.05856893,6.27,24.06,444.92,-1.52,472.32,1566.84,83.043
6/1/2012,83.56631893,6.38,26.66,435.84,-1.4,467.99,1624,82.89
6/4/2012,75.56141435,6.38,26.12,431.72,-1.45,468.38,1611.53,82.557
6/5/2012,72.15753974,6.38,24.68,436.2,-1.49,468.55,1618.87,82.825
6/6/2012,65.19373032,6.36,22.16,442.27,-1.57,469.97,1634.69,82.321
6/7/2012,66.36434378,6.45,21.72,445.22,-1.57,474.8,1592.83,82.051
6/8/2012,66.92568355,6.6,21.23,444.9,-1.56,474.01,1593.4,82.511
6/11/2012,70.56051811,6.62,23.56,441.13,-1.51,477.2,1593.08,82.515
6/12/2012,65.35364924,6.65,22.09,447.17,-1.57,476.2,1612.14,82.423
6/13/2012,69.65109792,6.71,24.27,444.89,-1.51,476.54,1615.2,82.058
6/14/2012,68.41407576,6.84,21.68,444.48,-1.53,476.11,1620.2,81.99
6/15/2012,69.82775328,7.23,21.11,456.3,-1.51,477.46,1627.1,81.628
6/18/2012,72.22688875,7.33,18.32,455.9,-1.49,479.21,1624.73,81.946
6/19/2012,68.76040309,7.5,18.38,463.92,-1.55,481.13,1619.25,81.378
6/20/2012,68.49046656,7.44,17.24,468.53,-1.56,480.63,1603.94,81.583
6/21/2012,69.94765513,7.5,20.08,458.73,-1.54,475.83,1570.69,82.29
6/22/2012,66.35432203,8.09,18.11,457.55,-1.6,474.61,1572.43,82.256
6/25/2012,70.32373406,7.98,20.38,449.48,-1.53,476.98,1583.36,82.497
6/26/2012,68.44429705,7.98,19.72,446.13,-1.56,475.6,1572.06,82.372
6/27/2012,69.68724218,7.89,19.45,449.87,-1.56,472.08,1574.93,82.618
6/28/2012,71.79331293,7.91,19.71,449.32,-1.51,471.59,1552.15,82.807
6/29/2012,66.54134249,8.2,17.08,462.52,-1.58,475.58,1597.45,81.627
7/2/2012,70.65688856,8.07,16.8,464.41,-1.51,477.85,1600.41,81.87
7/3/2012,66.84750007,8.25,16.66,469.36,-1.56,480.82,1622.3,81.782
7/5/2012,68.49243236,8.27,17.5,462.56,-1.54,483.8,1606.3,82.813
7/6/2012,73.05348193,7.99,17.1,457.83,-1.49,481.45,1583.85,83.377
7/9/2012,75.85124247,7.93,17.98,449.27,-1.44,482.72,1588.33,83.161
7/10/2012,75.67418439,7.87,18.72,446.75,-1.44,477.63,1582.23,83.4
7/11/2012,73.8994026,7.82,17.95,446.27,-1.44,479.21,1579.8,83.568
7/12/2012,78.08348037,7.59,18.33,442.54,-1.4,478.53,1563.69,83.659
7/13/2012,75.91135415,7.59,16.74,441.76,-1.42,479.06,1589.6,83.349
7/16/2012,76.53276787,7.51,17.11,440.15,-1.4,481.4,1590.65,83.098
7/17/2012,72.20577435,7.62,16.48,436.39,-1.43,480.59,1588.93,83.032
7/18/2012,73.10568994,7.09,16.16,428.3,-1.43,482.77,1576.03,83.068
7/19/2012,69.42869375,6.82,15.45,429.52,-1.45,484.27,1585.54,82.883
7/20/2012,74.60051279,7.08,16.27,419.67,-1.4,484.7,1584.53,83.478
7/23/2012,76.29341821,7.07,18.62,406.98,-1.37,482.34,1579.25,83.706
7/24/2012,77.47391857,7.14,20.47,398.53,-1.34,477.99,1576.1,84.005
7/25/2012,76.77350888,6.8,19.34,392.63,-1.33,478.86,1605.6,83.524
7/26/2012,75.96509091,6.92,17.53,399.72,-1.34,480.2,1614.99,82.808
7/27/2012,64.289678,6.86,16.7,406.01,-1.47,481.54,1623.2,82.709
7/30/2012,68.13721338,6.54,18.03,399.04,-1.42,482.44,1618.62,82.794
7/31/2012,69.02182497,6.88,18.93,406.05,-1.4,480.83,1615.73,82.635
8/1/2012,64.54361283,6.92,18.96,402.17,-1.46,478.51,1603.15,83.058
8/2/2012,68.19807521,7.03,17.57,402.68,-1.42,477.11,1586.13,83.361
8/3/2012,60.24217307,7.06,15.64,409.97,-1.51,479.93,1603.55,82.375
8/6/2012,61.74277292,7.16,15.95,421.9,-1.49,482.05,1613.01,82.266
8/7/2012,56.40117003,7.27,15.99,431.86,-1.55,487.98,1611.55,82.21
8/8/2012,55.62501059,7.19,15.32,435.1,-1.57,489.15,1616.17,82.394
8/9/2012,54.76845538,7.1,15.28,437.67,-1.58,490.17,1615.8,82.638
8/10/2012,58.55402996,7.16,14.74,433.51,-1.55,487.99,1620.15,82.553
8/13/2012,59.7317331,7.45,13.7,429.62,-1.54,486.47,1618.6,82.435
8/14/2012,51.76657935,7.61,14.85,432.89,-1.62,487.61,1603.1,82.483
8/15/2012,46.45020039,7.44,14.63,429.95,-1.71,488.44,1603.8,82.645
8/16/2012,43.36161402,7.66,14.29,437.66,-1.74,487.41,1615.43,82.357
8/17/2012,46.51365264,7.66,13.45,442.24,-1.72,488.59,1616.4,82.596
8/20/2012,45.1577931,7.6,14.02,444.95,-1.71,490.26,1620.02,82.456
8/21/2012,47.33630293,7.88,15.02,451.57,-1.69,492.9,1638.75,81.907
8/22/2012,54.54677362,7.99,15.11,446.99,-1.6,493.39,1639.75,81.486
8/23/2012,55.98778337,8.12,15.96,448.34,-1.57,492.97,1672.9,81.359
8/24/2012,55.78086195,8.13,15.18,445.94,-1.58,493.21,1670.5,81.593
8/27/2012,57.98348065,8.1,16.35,442.22,-1.54,492.45,1672.46,81.658
8/28/2012,59.56555523,7.93,16.49,444.2,-1.54,490.9,1669.44,81.37
8/29/2012,56.50432859,7.67,17.06,437.94,-1.54,492.77,1659.1,81.549
8/30/2012,58.90080436,7.64,17.83,423.94,-1.53,491.13,1655.17,81.691
8/31/2012,63.36491759,8.03,17.47,427.43,-1.48,490.7,1691.85,81.208
9/4/2012,62.77033453,8.17,17.98,426.15,-1.49,491.16,1693.65,81.312
9/5/2012,61.3000994,8.2,17.74,423,-1.49,491.95,1693.54,81.235
9/6/2012,54.13596216,8.21,15.6,429.48,-1.57,491.65,1703.05,81.04
9/7/2012,54.23576887,8.33,14.38,437.61,-1.56,493.64,1735.85,80.252
9/10/2012,52.58545307,7.79,16.28,440.12,-1.58,492.08,1729.93,80.357
9/11/2012,51.73882751,7.7,16.41,437.95,-1.6,491.54,1733.68,79.857
9/12/2012,45.39985288,7.89,15.8,428.86,-1.67,491.81,1731.1,79.737
9/13/2012,46.449212,7.75,14.05,432.28,-1.65,492.08,1752.93,79.262
9/14/2012,35.52097291,7.4,14.51,443.28,-1.77,495.33,1770.5,78.847
9/17/2012,37.85750955,7.35,14.59,442.61,-1.74,493.14,1769.65,79.01
9/18/2012,41.12429498,7.4,14.18,443.79,-1.72,491.69,1766.91,79.249
9/19/2012,43.97292123,7.52,13.88,448.67,-1.68,494.55,1769.88,79.055
9/20/2012,41.7627309,7.63,14.07,440.76,-1.69,494.68,1768.6,79.411
9/21/2012,42.15864971,7.41,13.98,443.58,-1.66,492.49,1773.1,79.328
9/24/2012,45.38901708,7.22,14.15,443.19,-1.63,495.09,1763.95,79.518
9/25/2012,49.78230143,7.45,15.43,442.28,-1.59,496.64,1764.45,79.552
9/26/2012,54.70091621,7.6,16.81,433.01,-1.53,496.2,1748.8,79.885
9/27/2012,50.93118581,7.81,14.84,440.89,-1.57,495.06,1777.68,79.548
9/28/2012,52.61706328,7.93,15.73,436.07,-1.55,497.31,1772.25,79.935
10/1/2012,53.65349872,7.92,16.32,438.89,-1.55,497.67,1777.83,79.824
10/2/2012,52.92546107,7.84,15.71,439.43,-1.55,496.28,1778.68,79.744
10/3/2012,52.51111008,7.56,15.43,433.21,-1.55,495.4,1779.25,79.965
10/4/2012,46.28233593,7.6,14.55,434.83,-1.6,494.1,1792.42,79.353
10/5/2012,40.78533202,7.77,14.33,436.38,-1.64,493.44,1780.7,79.337
10/8/2012,41.65515517,7.89,15.11,435.16,-1.64,491.77,1775.13,79.54
10/9/2012,43.30034675,7.86,16.37,428.23,-1.64,489.44,1765.85,79.951
10/10/2012,44.90596704,7.69,16.29,424.78,-1.62,488.52,1761.24,79.917
10/11/2012,46.45073298,7.77,15.59,429.9,-1.6,489.43,1769.63,79.775
10/12/2012,47.54354137,7.8,16.14,428.44,-1.58,488.24,1754.03,79.667
10/15/2012,49.27325443,7.66,15.27,430.72,-1.59,485.45,1736.44,79.742
10/16/2012,44.12797275,7.96,15.22,437.59,-1.66,485.27,1743.81,79.405
10/17/2012,37.79949374,8.24,15.07,444.42,-1.72,485.94,1750.88,79.016
10/18/2012,35.00669537,8.04,15.03,447.66,-1.76,487.46,1743.52,79.367
10/19/2012,42.47552344,7.94,17.06,435.09,-1.69,486.68,1721.75,79.621
10/22/2012,37.83640697,7.87,16.62,433.9,-1.73,485.27,1727.5,79.652
10/23/2012,43.06859893,7.86,18.83,418.04,-1.68,482,1709.62,79.976
10/24/2012,40.0640529,7.65,18.33,415.62,-1.69,480.79,1702.85,79.914
10/25/2012,33.88643593,7.66,18.12,417.26,-1.75,478.54,1712.55,80.044
10/26/2012,39.95175114,7.86,17.81,412.34,-1.66,477.53,1711.2,80.068
10/29/2012,44.70563179,8.05,18.205,414.28,-1.6,476.76,1709.25,80.232
10/30/2012,45.38466046,8.13,18.4025,414.15,-1.605,476.54,1710.2,79.931
10/31/2012,45.31739129,8.23,18.6,413.21,-1.61,476.16,1719.35,79.919
11/1/2012,42.29928823,8.04,16.69,413.83,-1.66,477.12,1715.61,80.047
11/2/2012,41.56931906,8.1,17.59,410.2,-1.66,475.49,1678,80.593
11/5/2012,43.3658983,8.25,18.42,405.55,-1.61,474.51,1683.44,80.749
11/6/2012,40.53267942,8.34,17.58,412.45,-1.68,475.65,1717.45,80.613
11/7/2012,46.42834784,8.22,19.08,411.67,-1.58,474.64,1710.53,80.759
11/8/2012,49.65568777,8.27,18.49,407.95,-1.52,477.95,1723.64,80.793
11/9/2012,50.13337042,8.32,18.61,404.15,-1.52,477.14,1731.08,81.026
11/12/2012,51.9595292,9.07,16.68,399.03,-1.5,476.16,1728.61,81.035
11/13/2012,51.46762043,8.4,16.65,398.04,-1.48,476.94,1727.2,81.084
11/14/2012,50.62966357,7.91,17.92,394.34,-1.49,477.31,1729.76,81.056
11/15/2012,58.72345586,7.12,17.99,396.11,-1.5,479.06,1713.15,81.078
11/16/2012,58.27546415,6.89,16.41,399.34,-1.52,476.98,1713.73,81.257
11/19/2012,55.83338815,6.71,15.24,407.41,-1.52,475.85,1733.58,80.874
11/20/2012,50.75698365,6.74,15.08,403.24,-1.58,477.13,1725.84,80.957
11/21/2012,49.75365477,6.77,15.31,404.24,-1.59,477.2,1729.87,80.932
11/23/2012,49.20138352,7.01,15.14,412.1,-1.6,477.46,1753,80.192
11/26/2012,52.03653527,6.84,15.5,419.54,-1.56,478.25,1750.05,80.251
11/27/2012,51.66593613,6.85,15.92,415.58,-1.54,480.74,1745.51,80.402
11/28/2012,53.18643384,6.83,15.51,415.18,-1.53,480.94,1720.67,80.336
11/29/2012,53.24171937,6.58,15.06,421.19,-1.53,482.21,1726.58,80.204
11/30/2012,53.87324519,6.2,15.87,421.62,-1.54,483.47,1714.98,80.153
12/3/2012,54.23233981,5.95,16.64,417.52,-1.53,483.19,1717.16,79.882
12/4/2012,55.09277751,5.72,17.12,421.94,-1.52,484.53,1693.76,79.644
12/5/2012,58.05753391,6.15,16.46,423.91,-1.5,487.38,1693.06,79.774
12/6/2012,59.5957635,6.39,16.58,428.19,-1.49,486.63,1698.29,80.258
12/7/2012,54.57640689,6.78,15.9,434.3,-1.55,484.52,1704.07,80.408
12/10/2012,55.6190116,7.07,16.05,433.77,-1.54,484.21,1712.82,80.328
12/11/2012,52.98382497,6.84,15.57,436.09,-1.58,484.51,1708.31,80.061
12/12/2012,48.15654411,6.75,15.95,443.06,-1.65,485.82,1721.75,79.815
12/13/2012,51.7561335,6.67,16.56,443.38,-1.68,483.87,1696.98,79.928
12/14/2012,54.31249479,6.57,17,449.08,-1.68,485.31,1696.15,79.58
12/17/2012,53.00801938,6.47,16.34,463.13,-1.73,485.39,1696.43,79.568
12/18/2012,51.55834139,6.7,15.57,457.36,-1.78,485.49,1675.88,79.359
12/19/2012,54.66603854,7.03,17.36,465.37,-1.77,486,1668.74,79.269
12/20/2012,54.66605827,7.17,17.67,470.67,-1.75,485.63,1642.19,79.261
12/21/2012,61.74727929,7,17.84,469.47,-1.71,485.52,1657.22,79.617
12/24/2012,60.68136804,6.92,17.84,466.48,-1.73,484.33,1658.56,79.642
12/26/2012,62.29949128,7.08,19.48,467.5,-1.68,484.35,1660.64,79.621
12/27/2012,63.70184292,6.84,19.47,463.85,-1.66,483.62,1663.41,79.62
12/28/2012,64.13406071,6.5,22.72,456.26,-1.72,483.35,1655.7,79.678
12/31/2012,59.23034547,6.45,18.02,457.03,-1.73,484.07,1676.23,79.769
1/2/2013,49.95915815,6.37,14.68,468.33,-1.78,483.2,1688.23,79.845
1/3/2013,44.36231051,6.2,14.56,475.4,-1.84,483.15,1676.81,80.382
1/4/2013,46.41066072,6.14,13.83,480.68,-1.86,483.35,1656.1,80.499
1/7/2013,46.03037351,6.46,13.79,477.53,-1.85,483.41,1645.91,80.256
1/8/2013,48.43536277,6.27,13.62,472.5,-1.82,482.29,1659.52,80.345
1/9/2013,48.2076742,6.02,13.81,479.66,-1.82,483.17,1653.24,80.557
1/10/2013,42.26456592,5.86,13.49,486.96,-1.85,485.11,1676.81,79.738
1/11/2013,44.71271663,5.72,13.36,487.73,-1.82,484.79,1662.98,79.563
1/14/2013,42.11850766,5.71,13.52,483.95,-1.81,485.37,1665.55,79.488
1/15/2013,44.3111751,5.88,13.55,485.64,-1.77,486.2,1683.55,79.779
1/16/2013,44.40535523,5.47,13.42,479.86,-1.76,485.79,1680.42,79.804
1/17/2013,40.31348472,5.44,13.57,479.28,-1.82,485.77,1694.45,79.649
1/18/2013,42.02734295,4.97,12.46,481.94,-1.79,487.44,1684.25,80.036
1/22/2013,43.54672264,5.3,12.43,482.86,-1.78,490.35,1694.53,79.874
1/23/2013,43.48176888,4.52,12.46,482.27,-1.78,487.28,1687.12,79.92
1/24/2013,40.78598432,4.21,12.69,478.12,-1.8,490.7,1669.34,79.949
1/25/2013,31.21752707,4,12.89,473.44,-1.9,487.46,1658.65,79.748
1/28/2013,31.09282082,4.07,13.57,470.12,-1.93,488.11,1654.79,79.78
1/29/2013,29.78416258,3.88,13.31,470.51,-1.96,487.22,1662.17,79.564
1/30/2013,30.86226581,3.69,14.32,470.02,-1.96,490.05,1678.8,79.281
1/31/2013,33.29801596,3.31,14.28,467.02,-1.95,491.52,1662.51,79.207
2/1/2013,30.66606957,4.21,12.9,465.71,-1.98,491.81,1667.4,79.125
2/4/2013,34.36526722,4.19,14.67,461.23,-1.93,490.15,1674.17,79.554
2/5/2013,31.47317434,4.29,13.72,456.32,-1.97,489.68,1673.3,79.488
2/6/2013,34.69245995,4.06,13.41,463.84,-1.93,487.64,1677.01,79.721
2/7/2013,34.69232831,4.09,13.5,465.21,-1.92,483.94,1671.23,80.192
2/8/2013,32.55858939,4.43,13.02,461.85,-1.92,484.43,1667.25,80.246
2/11/2013,32.33689995,4.36,12.94,463.9,-1.9,484.64,1647.35,80.31
2/12/2013,30.49766884,4.46,12.64,469.46,-1.93,484.51,1649.77,80.106
2/13/2013,26.87030013,5.1,12.98,466.97,-1.95,484.35,1646.26,80.091
2/14/2013,31.88853212,5.12,12.66,474.34,-1.89,483.93,1634.44,80.458
2/15/2013,31.04309858,5.06,12.46,478.16,-1.91,482.87,1610.15,80.58
2/19/2013,28.89647966,4.56,12.31,476.11,-1.91,482.94,1605.16,80.468
2/20/2013,31.37744762,4.86,14.68,479.44,-1.9,481.45,1580.03,81.069
2/21/2013,34.63689674,5.17,15.22,470.66,-1.86,479.46,1579.29,81.461
2/22/2013,38.02296172,5.07,14.17,470.62,-1.84,475.81,1581.16,81.482
2/25/2013,45.92455511,4.47,18.99,469.66,-1.76,475.09,1590.3,81.67
2/26/2013,47.18835405,4.2,16.87,462.71,-1.74,475.38,1614.25,81.87
2/27/2013,43.12601086,4.37,14.73,462.83,-1.8,476.53,1597.53,81.602
2/28/2013,44.38855301,4.8,15.51,465.75,-1.78,477.73,1581.4,81.949
3/1/2013,47.26161425,4.57,15.36,463.9,-1.75,477.22,1576.18,82.313
3/4/2013,45.15281442,4.53,14.01,462.37,-1.77,477.71,1574.08,82.195
3/5/2013,42.21009843,4.14,13.48,466.61,-1.82,477.92,1572.79,82.087
3/6/2013,38.19524488,4.19,13.53,469.79,-1.85,477.58,1576.02,82.459
3/7/2013,35.68157607,4.24,13.06,470.47,-1.9,478.37,1576.68,82.081
3/8/2013,29.92542128,4.18,12.59,470.49,-1.96,480.93,1578.97,82.696
3/11/2013,31.03122358,3.88,11.56,469.43,-1.97,481.61,1579.95,82.573
3/12/2013,35.36670978,3.66,12.27,464.85,-1.93,481.9,1592.75,82.584
3/13/2013,38.48458746,3.45,11.83,458.67,-1.95,482,1589.6,82.889
3/14/2013,41.96054647,3.63,11.3,465.21,-1.94,483.36,1592.85,82.606
3/15/2013,44.10929196,3.71,11.3,468.65,-1.92,483.09,1592.1,82.261
3/18/2013,49.38740888,3.48,13.36,461.58,-1.89,480.83,1605.38,82.694
3/19/2013,50.93257284,3.45,14.39,462.14,-1.85,481.69,1612.67,82.989
3/20/2013,48.39580197,3.9,12.67,466.3,-1.89,481.62,1607.41,82.779
3/21/2013,49.22403216,4.35,13.99,471.71,-1.88,481.85,1615.33,82.74
3/22/2013,51.16028784,4.08,13.57,474.84,-1.86,481.58,1608.55,82.376
3/25/2013,50.32160655,4.42,13.74,465.31,-1.85,482.25,1603.11,82.828
3/26/2013,51.04892643,4.55,12.77,467.1,-1.85,483.25,1597.17,82.881
3/27/2013,54.42011767,4.88,13.15,466.95,-1.78,482.54,1606.38,83.221
3/28/2013,53.88940028,4.74,12.7,468.89,-1.8,479.78,1594.51,82.996
4/1/2013,56.49265473,4.805,13.58,469.97,-1.78,478.77,1599.2,82.733
4/2/2013,55.33030221,4.87,12.78,461.57,-1.81,478.58,1575.11,82.924
4/3/2013,56.97322171,4.85,14.21,462.71,-1.77,478.68,1560.34,82.718
4/4/2013,63.40698562,4.97,13.89,458.87,-1.71,478.08,1548.42,82.677
4/5/2013,67.86143614,5.1,13.92,457.81,-1.65,478.2,1581.25,82.496
4/8/2013,65.17783144,5.12,13.19,461.49,-1.69,477.99,1572.69,82.752
4/9/2013,57.43971219,4.71,12.84,479.06,-1.72,479.34,1585.75,82.309
4/10/2013,54.20845923,4.23,12.36,492.19,-1.77,477.29,1559.14,82.532
4/11/2013,54.8940105,4.28,12.24,499.43,-1.75,479.41,1566.02,82.247
4/12/2013,61.45204074,4.7,12.06,517.13,-1.69,478.38,1482.75,82.311
4/15/2013,64.69797551,4.68,17.27,521.81,-1.66,474.82,1371.49,82.417
4/16/2013,63.01801485,3.03,13.96,519,-1.69,476.08,1379.22,81.749
4/17/2013,63.71760955,2.7,16.51,506.7,-1.67,475.86,1376.33,82.684
4/18/2013,65.45904533,3.02,17.56,499.64,-1.67,476.12,1390.58,82.559
4/19/2013,66.15981592,3.11,14.97,507.65,-1.68,476.44,1403.79,82.714
4/22/2013,66.34401515,2.84,14.39,508.04,-1.67,475.46,1422.9,82.676
4/23/2013,65.86203386,3.05,13.48,513.22,-1.69,472.74,1413.6,83.048
4/24/2013,67.34634284,2.98,13.61,520.3,-1.67,473.11,1423.68,83.048
4/25/2013,66.51599402,2.92,13.62,522.1,-1.69,475.36,1457.4,82.744
4/26/2013,69.49268165,3.05,13.61,521.5,-1.65,475.1,1461.92,82.502
4/29/2013,68.80425909,3.26,13.71,529.55,-1.65,478.27,1467.91,82.147
4/30/2013,69.03504264,3.07,13.52,536,-1.65,478.34,1471.96,81.746
5/1/2013,71.93011081,2.87,14.49,537.98,-1.6,475.34,1445.53,81.484
5/2/2013,70.22710754,3.04,13.59,536.98,-1.61,476.53,1469.19,82.224
5/3/2013,60.42504581,3.73,12.85,536.96,-1.73,477.47,1470.75,82.125
5/6/2013,58.85679932,3.86,12.66,540.09,-1.76,474.96,1468.34,82.315
5/7/2013,56.78980281,3.69,12.83,543.42,-1.78,476.56,1451.88,82.253
5/8/2013,58.27801379,3.44,12.66,552.93,-1.77,477.3,1467.88,81.896
5/9/2013,60.14493212,3.74,13.13,550.15,-1.77,476.64,1471.07,82.793
5/10/2013,52.09344726,3.33,12.59,553.56,-1.86,474.76,1448.55,83.143
5/13/2013,53.21852578,3.22,12.55,556.57,-1.87,475.75,1435.28,83.277
5/14/2013,50.39163626,3.47,12.77,566.26,-1.91,475.2,1426.38,83.595
5/15/2013,51.05460812,3.59,12.81,568.78,-1.9,474.61,1395.75,83.83
5/16/2013,57.98351523,3.65,13.07,571.42,-1.84,473.78,1385.78,83.588
5/17/2013,50.43279731,3.49,12.45,570.48,-1.91,473.91,1359.5,84.252
5/20/2013,50.94204478,3.56,13.02,585.74,-1.92,474.48,1385.05,83.736
5/21/2013,56.6378488,3.51,13.37,588.68,-1.9,474.55,1378.02,83.864
5/22/2013,51.95331669,3.28,13.82,574.89,-1.99,474.13,1375.34,84.352
5/23/2013,54.14619108,3.36,14.07,558.43,-1.97,473.6,1388.07,83.8
5/24/2013,56.24102165,3.51,13.99,569.45,-1.97,472.45,1386.64,83.7
5/28/2013,43.58140843,3.6,14.48,566.45,-2.1,473.37,1386.31,84.1
5/29/2013,47.26438337,3.7,14.83,581.51,-2.08,472.47,1392.15,83.66
5/30/2013,56.12439702,3.77,14.53,578.87,-2.09,472.67,1413.27,83.042
5/31/2013,53.07365111,3.91,16.3,568.95,-2.12,472.94,1387.8,83.375
6/3/2013,57.5253234,3.87,16.28,569.26,-2.08,474.69,1413.07,82.656
6/4/2013,57.46117524,3.91,16.27,568.71,-2.1,475.32,1397.1,82.769
6/5/2013,61.04384145,3.86,17.5,558.29,-2.05,475.44,1403.54,82.594
6/6/2013,63.73041268,3.95,16.63,551.32,-2.03,474.84,1416.63,81.537
6/7/2013,56.98687606,4.07,15.14,552.64,-2.13,476.52,1382.97,81.669
6/10/2013,55.51451084,4,15.44,562.66,-2.17,476.12,1385.35,81.646
6/11/2013,58.50789155,4.16,17.07,554.93,-2.15,477.35,1376.82,81.113
6/12/2013,59.43027339,4.46,18.59,555.98,-2.2,477.71,1390.94,80.947
6/13/2013,64.59789968,4.38,16.41,553.52,-2.14,477.62,1378.87,80.752
6/14/2013,70.34133734,4.74,17.15,556.69,-2.09,476.22,1390.67,80.67
6/17/2013,66.19851423,4.55,16.8,572.65,-2.14,476.26,1383.78,80.787
6/18/2013,67.24112356,4.67,16.61,573.65,-2.15,474.43,1367.23,80.612
6/19/2013,58.66723817,4.35,16.64,570.61,-2.28,476.15,1373.66,81.428
6/20/2013,53.00970726,4.4,20.49,547.41,-2.36,472.52,1291.36,81.915
6/21/2013,47.25643447,4.35,18.9,545.63,-2.47,470.56,1296.42,82.318
6/24/2013,57.17847449,4.09,20.11,532.57,-2.51,473.42,1277.54,82.425
6/25/2013,68.2765515,4.25,18.47,530.92,-2.54,471.23,1277.13,82.581
6/26/2013,72.61729936,4.39,17.21,544.18,-2.49,469.9,1231.33,82.977
6/27/2013,72.14909944,4.4,16.86,552.55,-2.43,468.67,1225.01,82.902
6/28/2013,73.87896276,4.18,16.86,554.96,-2.48,468.12,1234.53,83.136
7/1/2013,74.28661851,4.21,16.37,555.87,-2.46,469.23,1258.38,83.054
7/2/2013,71.65083408,4.26,16.44,558.18,-2.45,470.01,1244.8,83.544
7/3/2013,68.90121673,4.66,16.2,551.24,-2.47,472.1,1249.17,83.231
7/5/2013,52.49657276,4.26,14.89,557.46,-2.69,469.5,1223.14,84.449
7/8/2013,59.31733837,4.21,14.78,561.17,-2.6,470.17,1236.85,84.193
7/9/2013,58.8426762,4.14,14.35,565.39,-2.61,470.96,1248.86,84.58
7/10/2013,56.57598245,4.02,14.21,566.66,-2.66,471.81,1255.44,84.041
7/11/2013,68.67267059,4.07,14.01,579.7,-2.56,471.81,1281.45,82.746
7/12/2013,69.76248145,4.02,13.84,575.98,-2.57,469.67,1285.59,82.988
7/15/2013,72.64240613,4.03,13.79,585.15,-2.53,467.99,1284.68,83.043
7/16/2013,75.12198606,4.1,14.42,591.64,-2.52,468.64,1291.8,82.498
7/17/2013,76.23778258,4.1,13.78,589.8,-2.49,468.31,1278,82.708
7/18/2013,71.419071,4.1,13.77,591.22,-2.53,470.1,1285.09,82.823
7/19/2013,77.29049399,4.16,12.54,594.15,-2.47,470.77,1296.03,82.607
7/22/2013,77.48576542,4.18,12.29,602.13,-2.46,471.8,1334.05,82.219
7/23/2013,76.04245666,4.23,12.66,603.04,-2.51,470.1,1335.96,81.945
7/24/2013,73.59162467,4.27,13.18,605.56,-2.58,470.36,1319.64,82.291
7/25/2013,80.66219553,4.27,12.97,600.97,-2.59,470.19,1330.08,81.97
7/26/2013,82.4066963,4.3,12.72,597.73,-2.55,468.32,1333.16,81.657
7/29/2013,78.02758752,4.3,13.39,591.18,-2.58,467.24,1328.74,81.663
7/30/2013,76.29059835,4.26,13.39,598.73,-2.59,466.48,1323.87,81.829
7/31/2013,78.24545564,4.31,13.45,593.64,-2.56,467.95,1308.29,81.452
8/1/2013,67.72532705,4.32,12.94,602.48,-2.7,468.27,1312.07,82.336
8/2/2013,77.91780757,4.37,11.98,611.02,-2.59,466.83,1312.03,81.908
8/5/2013,73.24940206,4.4,11.84,615.03,-2.62,467.75,1303.23,81.875
8/6/2013,73.99112532,4.49,12.72,613.68,-2.63,466.91,1283.76,81.603
8/7/2013,80.20212906,4.43,12.98,596.73,-2.56,467.46,1285.85,81.287
8/8/2013,82.51502335,4.5,12.73,601.41,-2.53,468,1310.39,80.977
8/9/2013,82.45899071,4.43,13.41,603.99,-2.52,469.11,1314.46,81.126
8/12/2013,77.75796493,4.3,12.81,606.98,-2.55,472.67,1336.84,81.333
8/13/2013,70.42309482,4.28,12.31,603.86,-2.65,472.42,1321.66,81.768
8/14/2013,71.63744295,4.34,13.04,605.83,-2.66,471.68,1333.63,81.711
8/15/2013,70.20479534,4.34,14.73,596.67,-2.72,473.06,1358.42,81.181
8/16/2013,64.03942496,4.34,14.37,596.92,-2.79,472.34,1376.57,81.257
8/19/2013,62.87851628,4.31,15.1,582.55,-2.82,474.66,1364.32,81.226
8/20/2013,70.25771748,4.34,14.91,581.22,-2.78,471.32,1374.44,80.906
8/21/2013,66.37101163,4.36,15.94,576.95,-2.83,471.7,1370.02,81.213
8/22/2013,65.77842051,4.51,14.76,581.4,-2.87,470.58,1371.99,81.488
8/23/2013,74.25046185,4.42,13.98,587.6,-2.79,472.35,1397.73,81.361
8/26/2013,77.38127084,4.41,14.99,582.28,-2.75,474.84,1393.92,81.407
8/27/2013,84.92929957,4.53,16.77,571.81,-2.67,472.3,1419.64,81.166
8/28/2013,78.13179807,4.59,16.49,565.67,-2.75,474.5,1418.69,81.431
8/29/2013,80.48460159,4.58,16.81,566.99,-2.73,472.99,1411.72,81.948
8/30/2013,78.77959242,4.55,17.01,569.7,-2.75,472.96,1395.27,82.087
9/3/2013,72.36729358,4.4,16.61,582.31,-2.84,472.46,1409.13,82.361
9/4/2013,70.79896594,4.54,15.88,580.33,-2.88,472.5,1388.69,82.169
9/5/2013,66.32695864,4.95,15.77,591.64,-2.96,471.11,1372.17,82.633
9/6/2013,68.98073148,5.32,15.85,596.76,-2.92,472.57,1391.8,82.146
9/9/2013,72.46717502,5.3,15.63,598.84,-2.88,469.97,1385.51,81.793
9/10/2013,64.98105053,5.12,14.53,606.68,-2.94,470.53,1364.38,81.821
9/11/2013,67.48976327,5.25,13.82,610.95,-2.91,471.63,1363.01,81.518
9/12/2013,67.30233151,5.61,14.29,606.51,-2.91,473.08,1331,81.489
9/13/2013,66.1635028,5.39,14.16,608.38,-2.89,470.6,1326.17,81.452
9/16/2013,64.01840011,5.46,14.38,613.88,-2.86,470.47,1317.78,81.295
9/17/2013,64.3899775,5.66,14.53,611.55,-2.85,469.88,1310.34,81.143
9/18/2013,76.48909833,5.52,13.59,616.83,-2.68,469.79,1303.46,80.237
9/19/2013,67.33605454,5.35,13.16,624.53,-2.75,471.14,1371.2,80.372
9/20/2013,67.232638,5.35,13.12,620.07,-2.74,470.93,1325.85,80.431
9/23/2013,68.59310828,5.41,14.31,622.63,-2.7,469.67,1328.33,80.449
9/24/2013,66.8477851,5.37,14.08,623.16,-2.65,469.45,1314.63,80.563
9/25/2013,69.34677021,5.37,14.01,624.54,-2.61,468.89,1337.27,80.334
9/26/2013,64.8524474,5.46,14.06,637,-2.66,470.57,1322.77,80.523
9/27/2013,65.6800904,5.39,15.46,645.07,-2.62,470.61,1336.88,80.287
9/30/2013,66.64365472,5.02,16.6,647.93,-2.62,467.57,1331.77,80.221
10/1/2013,63.86099979,5.14,15.54,657.99,-2.64,467.99,1285.4,80.141
10/2/2013,66.55471939,5.27,16.6,661.79,-2.61,466.77,1314.76,79.9
10/3/2013,66.49010288,5.19,17.67,664.58,-2.59,466.86,1316.34,79.749
10/4/2013,61.31807857,5.09,16.74,668.19,-2.63,467.06,1311.09,80.122
10/7/2013,63.22418773,4.95,19.41,662.32,-2.62,465.16,1324.14,79.941
10/8/2013,63.543967,4.85,20.34,663.85,-2.61,464.57,1323.72,80.06
10/9/2013,60.02326971,4.78,19.6,661.85,-2.63,464.38,1302.09,80.376
10/10/2013,58.44610067,4.75,16.48,670.95,-2.66,465.36,1298.19,80.417
10/11/2013,60.29128089,4.6,15.72,675.2,-2.62,465.49,1272.2,80.362
10/14/2013,57.20782462,4.8,16.07,675.33,-2.615,466.08,1276.29,80.263
10/15/2013,55.58344411,4.94,18.66,680.69,-2.61,466.35,1271.16,80.482
10/16/2013,62.77728938,5.32,14.71,685.42,-2.59,466.66,1279.36,80.47
10/17/2013,71.03682337,5.16,13.48,693.75,-2.56,459.38,1321.47,79.649
10/18/2013,72.12698394,5.11,13.04,702.03,-2.56,459.55,1316.25,79.654
10/21/2013,68.4603464,4.57,13.16,707.03,-2.59,457.72,1316.47,79.695
10/22/2013,76.33803471,4.69,13.33,708.39,-2.5,457.94,1342.32,79.23
10/23/2013,75.99685755,4.6,13.42,695.95,-2.47,458.16,1335.07,79.264
10/24/2013,74.1610585,4.65,13.2,691.4,-2.5,457.83,1350.25,79.185
10/25/2013,72.23804604,4.99,13.09,678.5,-2.49,457.44,1350.62,79.194
10/28/2013,69.41846718,4.8,13.31,673.3,-2.5,457.24,1353.77,79.246
10/29/2013,70.09411468,5.08,13.41,674.64,-2.49,457.48,1346.09,79.607
10/30/2013,67.85196464,4.95,13.65,672.57,-2.51,458.5,1355.08,79.777
10/31/2013,66.97206857,4.8,13.75,669.21,-2.53,457.26,1323.66,80.195
11/1/2013,58.26530581,4.61,13.28,670.66,-2.61,457.13,1316.18,80.716
11/4/2013,60.57992951,4.55,12.93,682.76,-2.58,456.72,1317.93,80.553
11/5/2013,54.14081828,4.79,13.27,683.53,-2.64,455.05,1309.83,80.706
11/6/2013,55.81556952,4.77,12.67,688.2,-2.62,455.2,1317.52,80.483
11/7/2013,60.50114607,4.79,13.91,667.28,-2.58,455.8,1308,80.845
11/8/2013,48.94431761,4.48,12.9,668.9,-2.71,458.19,1288.5,81.303
11/11/2013,47.44747833,4.6,12.53,673.59,-2.715,457.5,1282.06,81.091
11/12/2013,46.91684342,4.64,12.82,671.34,-2.72,457.05,1275.87,81.192
11/13/2013,52.89166958,4.64,12.52,672.87,-2.67,457.17,1272.22,80.926
11/14/2013,58.69566645,4.58,12.37,683.36,-2.61,456.8,1288.2,81.023
11/15/2013,58.25647698,4.49,12.19,685.88,-2.63,458.63,1290.18,80.849
11/18/2013,62.76877204,4.34,13.1,688.09,-2.58,457.44,1272.84,80.825
11/19/2013,59.50386933,4.42,13.39,675.85,-2.63,457.98,1274.26,80.704
11/20/2013,50.17439557,4.49,13.4,671.53,-2.72,459.12,1260.89,81.112
11/21/2013,52.41250986,4.41,12.66,672.6,-2.72,459.72,1244.88,81.073
11/22/2013,56.16844796,4.43,12.26,670.01,-2.68,460.36,1243.8,80.708
11/25/2013,58.55644722,4.4,12.79,668.97,-2.66,462.11,1241.65,80.92
11/26/2013,60.79299825,4.49,12.81,665.56,-2.64,462.84,1242.62,80.611
11/27/2013,57.67971218,4.47,12.98,666.33,-2.67,462.2,1240.74,80.722
11/29/2013,55.77304517,4.36,13.7,668.95,-2.69,463.15,1253.35,80.68
12/2/2013,50.34468288,4.5,14.23,665.44,-2.76,462.64,1225.78,80.925
12/3/2013,51.52097127,4.48,14.55,657.32,-2.73,461.84,1222.05,80.591
12/4/2013,47.88063181,4.48,14.7,654.48,-2.78,462.25,1248.12,80.619
12/5/2013,43.87664095,4.64,15.08,654.41,-2.82,461.66,1233.71,80.235
12/6/2013,48.20681794,4.79,13.79,654.59,-2.82,460.98,1229.1,80.315
12/9/2013,48.66820602,4.9,13.49,650.65,-2.79,460.95,1234.3,80.134
12/10/2013,55.7526515,5.02,13.91,653.42,-2.74,464.04,1262.79,79.966
12/11/2013,52.40301604,4.88,15.42,646.18,-2.79,465.67,1257.6,79.894
12/12/2013,48.74586889,4.9,15.54,643.03,-2.82,463.34,1230.27,80.206
12/13/2013,48.35236572,4.8,15.76,643.11,-2.81,460.69,1238.69,80.214
12/16/2013,46.59712509,4.67,16.03,645.23,-2.82,462.09,1246.26,80.074
12/17/2013,50.96991199,4.89,16.21,645.63,-2.78,460.51,1230.66,80.061
12/18/2013,47.31212127,4.87,13.8,648.92,-2.82,459.31,1232.04,80.105
12/19/2013,43.25393728,4.93,14.15,653.35,-2.88,453.63,1195.99,80.63
12/20/2013,49.59928489,4.75,13.79,645.44,-2.82,454.22,1203.24,80.575
12/23/2013,43.6923339,4.78,13.04,650.8,-2.87,455.32,1198.52,80.447
12/24/2013,39.83808762,4.91,12.48,647.67,-2.92,455.54,1204.01,80.536
12/26/2013,39.39005083,4.99,12.33,649.45,-2.93,455.54,1211.56,80.484
12/27/2013,36.52741859,4.92,12.46,662.25,-2.95,456.62,1213.27,80.392
12/30/2013,39.57842014,4.91,13.56,664.74,-2.92,455.72,1205.05,80
12/31/2013,32.94258655,4.83,13.72,666.62,-2.97,456.36,1204.99,80.035
1/2/2014,37.73107175,4.71,14.23,681.25,-2.93,455.35,1224.53,80.63
1/3/2014,37.55176101,4.69,13.76,684.2,-2.94,455.69,1236.97,80.791
1/6/2014,38.80330834,4.61,13.55,680.64,-2.93,456.76,1241.68,80.652
1/7/2014,39.16808673,4.66,12.92,685.5,-2.92,456.63,1230.96,80.833
1/8/2014,29.69304061,4.57,12.87,687.28,-2.96,455.47,1222.17,81.022
1/9/2014,33.4069797,4.5,12.89,687.01,-2.93,455.15,1227.72,81.005
1/10/2014,39.51932911,4.52,12.14,689.39,-2.83,454.36,1248.5,80.658
1/13/2014,40.19267655,4.62,13.28,686.63,-2.81,456.52,1251.5,80.513
1/14/2014,34.33164966,4.81,12.28,686.06,-2.84,457.59,1245.32,80.662
1/15/2014,32.12091504,4.8,12.28,690.7,-2.86,459.65,1239.79,81.027
1/16/2014,34.10833193,5.05,12.53,698.56,-2.82,459.29,1241.34,80.91
1/17/2014,36.58726806,5.05,12.44,700.75,-2.79,458.3,1254.05,81.225
1/21/2014,34.66539553,5.02,12.87,695.72,-2.81,459.24,1242.11,81.098
1/22/2014,31.97020533,5.11,12.84,698.9,-2.83,459.95,1239.47,81.167
1/23/2014,38.42573891,5.01,13.77,689.24,-2.75,459.09,1262.22,80.438
1/24/2014,38.56185316,5.24,18.14,668.59,-2.71,458.12,1270.06,80.458
1/27/2014,36.266704,5.35,17.42,653.07,-2.73,456.48,1264.53,80.524
1/28/2014,36.00109176,5.5,15.8,666.07,-2.72,456.83,1250.64,80.568
1/29/2014,44.61253923,5.48,17.35,666.29,-2.65,456.45,1261.95,80.505
1/30/2014,42.23930044,5.69,17.29,666.69,-2.7,457.34,1244.04,81.085
1/31/2014,45.98347695,5.5,18.41,670.04,-2.65,457.98,1244.55,81.311
2/3/2014,53.35929003,5.82,21.44,654.22,-2.56,458.13,1259.6,81.009
2/4/2014,50.22178779,5.8,19.11,646.26,-2.58,459.27,1251.32,81.121
2/5/2014,43.92059779,6.06,19.95,643.42,-2.63,460.13,1257.42,81.036
2/6/2014,42.7875334,6.43,17.23,656.19,-2.66,460.39,1257.61,80.906
2/7/2014,43.76318319,6.41,15.29,674.4,-2.63,459.87,1267.27,80.691
2/10/2014,43.49884173,6.4,15.26,679.52,-2.63,458.49,1274.87,80.642
2/11/2014,37.61449999,6.24,14.51,678.86,-2.7,459.52,1290.11,80.638
2/12/2014,33.99077196,6.34,14.3,684.8,-2.75,459.69,1294.96,80.679
2/13/2014,41.34933588,6.37,14.14,688.78,-2.7,460.91,1298.73,80.323
2/14/2014,37.73850846,6.57,13.57,687.15,-2.73,462.56,1318.66,80.136
2/18/2014,41.54508743,6.73,13.87,696.99,-2.66,465.5,1322.99,80.008
2/19/2014,38.32155712,6.9,15.5,692.41,-2.67,466.56,1319.49,80.144
2/20/2014,32.99425901,6.97,14.79,690.02,-2.71,467.76,1315.64,80.286
2/21/2014,38.15593844,7.12,14.68,696.62,-2.68,467.54,1324.25,80.237
2/24/2014,33.573966,6.99,14.23,707.35,-2.7,470.7,1336.63,80.199
2/25/2014,38.14612729,6.21,13.67,706.99,-2.65,470.93,1342.59,80.137
2/26/2014,38.76751688,6.48,14.35,708.25,-2.62,475.21,1329.36,80.429
2/27/2014,38.09427373,6.5,14.04,719.43,-2.61,475.63,1334.02,80.285
2/28/2014,37.5428233,7.06,14,722.27,-2.61,478.54,1326.39,79.691
3/3/2014,42.55342918,6.61,16,718.28,-2.55,480.53,1351.54,80.077
3/4/2014,32.39413511,6.81,14.1,735.08,-2.65,482.85,1337.3,80.168
3/5/2014,33.72825984,6.77,13.89,733.89,-2.64,483.2,1341.13,80.109
3/6/2014,28.34423519,6.8,14.21,745.71,-2.69,486.49,1349.03,79.663
3/7/2014,25.63627649,6.9,14.11,744.01,-2.74,485.78,1339.98,79.719
3/10/2014,26.88885305,6.89,14.2,736.2,-2.74,484.33,1340.93,79.768
3/11/2014,29.47249815,6.82,14.8,738.58,-2.72,483.99,1347.96,79.736
3/12/2014,33.4674102,6.5,14.47,731.01,-2.68,485.27,1367.08,79.608
3/13/2014,39.7792647,6.43,16.22,720.18,-2.61,483.61,1371.31,79.62
3/14/2014,38.54901719,6.29,17.82,705.26,-2.6,485.48,1382.92,79.446
3/17/2014,36.13141669,5.87,15.64,710.32,-2.64,484.58,1371.52,79.385
3/18/2014,33.19427358,5.75,14.52,715.97,-2.63,485.86,1360.31,79.414
3/19/2014,26.35976567,5.99,15.12,725.48,-2.72,487.06,1339.94,79.995
3/20/2014,26.83965109,6.01,14.52,716.51,-2.73,488.62,1330.65,80.192
3/21/2014,31.50152431,6.18,15,709.32,-2.69,488.56,1334.69,80.105
3/24/2014,32.30858041,5.86,15.09,707.05,-2.68,490.58,1311.04,79.934
3/25/2014,34.1526892,5.85,14.02,703.85,-2.7,492.61,1311.01,79.944
3/26/2014,38.50421803,5.8,14.93,698.58,-2.66,492.47,1303.58,80.032
3/27/2014,38.23277545,5.17,14.62,707.75,-2.65,494.13,1292.04,80.111
3/28/2014,34.42354839,4.34,14.41,711,-2.69,493.69,1295.23,80.176
3/31/2014,33.13711734,4.64,13.88,714.39,-2.68,493.68,1286.92,80.1
4/1/2014,29.76923458,5.04,13.1,719.72,-2.73,494.92,1280.44,80.094
4/2/2014,24.36317071,4.82,13.09,721.88,-2.8,492.92,1291,80.215
4/3/2014,28.19009066,4.85,13.37,711.36,-2.78,494.49,1285.7,80.475
4/4/2014,33.90853225,4.68,13.96,709.77,-2.71,494.06,1303.5,80.423
4/7/2014,37.12361088,4.97,15.57,697.9,-2.68,493.99,1296.56,80.232
4/8/2014,37.0572341,4.85,14.89,698.82,-2.66,495.67,1309.44,79.752
4/9/2014,34.18481795,4.93,13.82,705.61,-2.67,495.25,1305.74,79.484
4/10/2014,38.53677028,5.11,15.89,695.32,-2.61,493.89,1318.85,79.383
4/11/2014,38.49015099,5.31,17.03,686.98,-2.59,493.16,1318.42,79.452
4/14/2014,35.58115578,5.23,16.11,676.79,-2.61,499.25,1326.3,79.729
4/15/2014,36.39963272,5.53,15.61,670.11,-2.6,499.29,1303.95,79.803
4/16/2014,32.52347738,5.45,14.18,683.4,-2.61,499.18,1302.84,79.803
4/17/2014,23.6811228,5.54,13.36,686.83,-2.7,499.54,1295.61,79.828
4/21/2014,23.28283291,5.605,13.25,689.5,-2.69,498.19,1287.31,79.945
4/22/2014,25.26705334,5.67,13.19,706.42,-2.7,499.42,1281.59,79.905
4/23/2014,29.0784821,5.66,13.27,704.91,-2.68,500.09,1283.39,79.855
4/24/2014,27.452742,5.71,13.32,701.55,-2.69,500.65,1289.97,79.799
4/25/2014,29.0493252,5.06,14.06,691.85,-2.65,500.26,1303.25,79.749
4/28/2014,26.93436421,5.2,13.97,678.25,-2.67,500.76,1296.08,79.683
4/29/2014,24.81939074,5.41,13.71,675.52,-2.69,501.42,1296.92,79.808
4/30/2014,28.30102984,5.4,13.41,678.65,-2.64,501.35,1293.5,79.474
5/1/2014,33.21745497,5.41,13.25,681.15,-2.6,501.33,1284.47,79.527
5/2/2014,35.59898819,5.18,12.91,685.38,-2.58,502.39,1299.7,79.516
5/5/2014,31.07530423,5.21,13.29,684.23,-2.6,503.29,1309.64,79.486
5/6/2014,33.87041396,5.22,13.8,683.06,-2.58,504.52,1307.45,79.093
5/7/2014,31.34059435,5.12,13.4,668.45,-2.59,503.68,1289.22,79.202
5/8/2014,30.38952784,5.13,13.43,663.33,-2.58,502.99,1289.17,79.361
5/9/2014,30.00306242,5.24,12.92,665.49,-2.59,501.14,1288.91,79.903
5/12/2014,25.96709023,5.3,12.23,682.64,-2.63,501.09,1297.52,79.901
5/13/2014,30.20116836,5.28,12.13,681.78,-2.58,502.82,1296.38,80.143
5/14/2014,34.09376777,5.1,12.17,685.71,-2.51,502.25,1305.56,80.073
5/15/2014,36.06774008,4.77,13.17,670.25,-2.47,500.96,1295.64,80.003
5/16/2014,34.27011443,4.79,12.44,664.65,-2.49,500.49,1293.52,80.043
5/19/2014,30.60269857,4.69,12.42,666.37,-2.51,499.51,1294.19,79.993
5/20/2014,32.99832734,4.84,12.96,666.27,-2.49,499.98,1294.92,80.041
5/21/2014,31.0052326,5.12,11.91,676.21,-2.5,499.05,1287.86,80.095
5/22/2014,29.58298486,5.16,12.03,688.05,-2.53,498.66,1294.99,80.254
5/23/2014,30.81698289,5.12,11.36,694.72,-2.5,498.31,1292.61,80.393
5/27/2014,33.97068636,5.17,11.51,699.51,-2.48,498.99,1265.72,80.352
5/28/2014,40.1103899,5.2,11.68,700.31,-2.4,499.23,1258.72,80.571
5/29/2014,37.1804039,5.2,11.57,706.86,-2.41,499.65,1255.94,80.494
5/30/2014,34.23619266,5.05,11.4,704.2,-2.44,497.99,1249.68,80.369
6/2/2014,29.14164481,5.14,11.58,704.78,-2.5,498.64,1244.27,80.644
6/3/2014,23.32781689,5.43,11.87,702.64,-2.56,497.34,1244.4,80.554
6/4/2014,22.17144057,5.39,12.08,700.28,-2.57,497.84,1243.52,80.663
6/5/2014,26.93651165,5.54,11.68,706.22,-2.55,496.84,1253.53,80.371
6/6/2014,26.87091319,5.44,10.73,711.69,-2.56,497.19,1253.23,80.409
6/9/2014,25.2135777,5.53,11.15,714.21,-2.58,497.08,1253.77,80.653
6/10/2014,25.41502587,5.49,10.99,713.41,-2.6,497.81,1260.56,80.82
6/11/2014,27.13036342,5.36,11.6,716.57,-2.61,491.86,1260.91,80.788
6/12/2014,32.90421405,5.55,12.56,719.65,-2.54,491.74,1272.86,80.576
6/13/2014,31.54182795,5.66,12.18,727.56,-2.56,492.48,1276.96,80.576
6/16/2014,30.30334209,5.63,12.65,728.47,-2.57,491.77,1275.11,80.471
6/17/2014,24.53660873,5.7,12.06,740.58,-2.62,491.13,1270.83,80.629
6/18/2014,29.14651905,5.65,10.61,747.92,-2.58,493.76,1272.75,80.584
6/19/2014,25.73641392,5.54,10.62,747.73,-2.62,495.39,1313,80.317
6/20/2014,27.1187842,5.65,10.85,749.77,-2.61,496.1,1314.82,80.372
6/23/2014,26.95605445,5.79,10.98,744.52,-2.6,497.36,1317.57,80.272
6/24/2014,31.39724197,5.74,12.13,737.43,-2.56,497.15,1319.4,80.327
6/25/2014,31.92732932,5.71,11.59,741.08,-2.54,496.97,1321.02,80.225
6/26/2014,34.45159379,5.7,11.63,748.18,-2.49,496.38,1316.02,80.22
6/27/2014,32.76300117,5.76,11.26,751.3,-2.51,497.23,1316.17,80.039
6/30/2014,33.42107034,5.81,11.57,753.92,-2.49,496.4,1318.35,79.775
7/1/2014,28.36847326,6.01,11.15,752.42,-2.56,497.09,1327.78,79.815
7/2/2014,23.82175088,6.07,10.82,753.15,-2.62,496.86,1329.55,79.956
7/3/2014,23.01779535,5.99,10.32,761.89,-2.64,496,1319.83,80.212
7/7/2014,26.50985842,5.54,11.33,748.96,-2.59,494.71,1316.26,80.218
7/8/2014,30.19483242,5.73,11.98,729.18,-2.55,493.87,1315.35,80.179
7/9/2014,32.59845591,5.79,11.65,728.93,-2.54,492.11,1322.6,79.993
7/10/2014,35.34408067,5.66,12.59,721.28,-2.53,491.82,1336.98,80.127
7/11/2014,37.58336918,5.72,12.08,721.9,-2.51,489.24,1338.7,80.187
7/14/2014,34.45038899,5.86,11.82,726.44,-2.52,489.94,1306.07,80.188
7/15/2014,33.62089784,5.92,11.96,722.44,-2.54,489.56,1296.63,80.39
7/16/2014,33.96296072,6.02,11,725.01,-2.53,488.82,1300.8,80.559
7/17/2014,39.54162742,6.13,14.54,717.27,-2.45,489.41,1317.46,80.505
7/18/2014,35.37452751,5.98,12.06,725.76,-2.48,488.41,1310.88,80.524
7/21/2014,37.25842032,6.04,12.81,727.07,-2.46,488.86,1312.63,80.56
7/22/2014,37.80443621,6.15,12.24,737.52,-2.45,488.41,1307.29,80.781
7/23/2014,35.10820501,6.15,11.52,733.83,-2.45,489.88,1304.23,80.823
7/24/2014,30.85879046,6.03,11.84,736.24,-2.49,490.44,1290.85,80.872
7/25/2014,33.25175014,6.11,12.69,735.05,-2.45,490.45,1307.22,81.029
7/28/2014,30.08669345,6.17,12.56,736.84,-2.46,490.92,1302.42,81.025
7/29/2014,33.71374002,6.02,13.28,731.95,-2.45,490.36,1297.53,81.214
7/30/2014,24.7863822,6.11,13.33,732.24,-2.53,488.74,1294.93,81.432
7/31/2014,25.80667405,6.19,16.95,716.6,-2.55,488.47,1282.28,81.456
8/1/2014,31.93961179,6.26,17.03,707.24,-2.49,487.27,1293.75,81.302
8/4/2014,32.37812214,6.22,15.12,715.12,-2.47,488.36,1287.65,81.328
8/5/2014,34.6987651,6.18,16.87,717.36,-2.46,487.03,1285.74,81.328
8/6/2014,33.63891924,6.19,16.37,717.83,-2.46,487.8,1307.78,81.444
8/7/2014,38.88620571,5.93,16.66,720.86,-2.4,486.09,1312.6,81.524
8/8/2014,36.51190623,5.96,15.77,715.81,-2.41,484.58,1309.58,81.389
8/11/2014,36.52118607,6.11,14.23,732.07,-2.4,484.92,1307.9,81.466
8/12/2014,34.22461892,6.09,14.13,730.28,-2.43,483.54,1314,81.5
8/13/2014,35.53642125,6.21,12.9,737.57,-2.39,484.13,1311.15,81.596
8/14/2014,38.69838333,6.21,12.42,740.54,-2.36,483.76,1313.35,81.588
8/15/2014,43.16344972,6.36,13.15,742.38,-2.31,483.46,1304.7,81.424
8/18/2014,37.47357352,6.32,12.32,749.88,-2.36,482.69,1298.47,81.576
8/19/2014,35.25244103,6.43,12.21,754.78,-2.37,482.53,1295.94,81.883
8/20/2014,32.64104899,6.41,11.78,756.31,-2.39,482.85,1293.16,82.226
8/21/2014,35.24382197,6.34,11.76,753,-2.39,484.37,1274.86,82.154
8/22/2014,35.63982585,6.35,11.47,752.26,-2.37,485.2,1281.1,82.336
8/25/2014,37.94359197,6.32,11.7,758.24,-2.35,484.76,1278.1,82.549
8/26/2014,37.10919775,6.29,11.63,755.54,-2.36,485.76,1283.98,82.65
8/27/2014,38.9393971,6.35,11.78,757.57,-2.33,484.46,1282.78,82.428
8/28/2014,40.07086644,6.43,12.05,749.3,-2.31,484.06,1289.87,82.477
8/29/2014,38.83702132,6.38,11.98,750.91,-2.32,483.83,1287.32,82.748
9/2/2014,31.73181209,6.38,12.25,749.33,-2.39,482.27,1264.94,82.992
9/3/2014,32.92424096,6.32,12.36,754.47,-2.38,481.15,1268.76,82.865
9/4/2014,28.18537384,6.11,12.64,759.24,-2.42,483.11,1266.66,83.82
9/5/2014,28.21101585,6.26,12.09,760.46,-2.43,484.22,1268.81,83.739
9/8/2014,27.22440402,6.27,12.66,761.03,-2.46,485.77,1252.54,84.232
9/9/2014,27.992316,6.12,13.5,742.85,-2.48,484.6,1249.33,84.278
9/10/2014,26.18215987,6.08,12.88,742.79,-2.52,485.11,1245.61,84.283
9/11/2014,26.3755691,6.1,12.8,743.12,-2.52,485.71,1238.82,84.298
9/12/2014,20.64511488,6.04,13.31,740.2,-2.6,484.94,1229.65,84.24
9/15/2014,20.94990246,5.91,14.12,724.84,-2.58,480.59,1234.72,84.264
9/16/2014,20.16574719,5.79,12.73,720.9,-2.58,478.66,1237.07,84.074
9/17/2014,17.36246132,5.88,12.65,723.33,-2.6,479.57,1235.98,84.345
9/18/2014,18.19833715,5.97,12.03,724.07,-2.61,477.73,1226.33,84.323
9/19/2014,21.77148993,6.01,12.11,720.35,-2.57,477.65,1215.7,84.735
9/22/2014,23.72849094,5.98,13.69,711.15,-2.56,476.69,1217.12,84.752
9/23/2014,25.28614069,5.65,14.93,706.89,-2.53,475.74,1221.4,84.658
9/24/2014,22.15740192,5.8,13.27,711.83,-2.55,476.04,1218.01,85.037
9/25/2014,27.06492034,5.8,15.64,703,-2.51,475.12,1220.26,85.195
9/26/2014,24.23296636,5.91,14.85,703.42,-2.53,475.32,1218.38,85.64
9/29/2014,27.62809249,5.75,15.98,694.58,-2.48,475.39,1217.73,85.591
9/30/2014,24.96954547,5.82,16.31,687.69,-2.5,473.42,1208.67,85.936
10/1/2014,33.74728929,5.79,16.71,675.13,-2.4,473.66,1216.41,85.972
10/2/2014,30.24949201,5.67,16.16,670.08,-2.43,472.2,1213.55,85.601
10/3/2014,27.52797521,5.66,14.55,673.82,-2.44,470.64,1191.42,86.694
10/6/2014,30.90922217,5.66,15.46,656.07,-2.41,472.64,1207.57,85.928
10/7/2014,36.49909887,5.72,17.2,656.22,-2.34,474.01,1211.26,85.672
10/8/2014,36.16195281,6.03,15.11,654.1,-2.34,472.8,1207.35,85.297
10/9/2014,35.22908631,6.1,18.76,642.85,-2.33,472.59,1224.03,85.522
10/10/2014,38.57802349,6.02,21.24,626.62,-2.3,471.91,1223.16,85.912
10/13/2014,41.63777322,6.04,24.64,619.37,-2.245,470.55,1228.45,85.532
10/14/2014,43.35167302,6.07,22.79,620.23,-2.19,471.16,1234.29,85.822
10/15/2014,45.26896889,6.14,26.25,617.88,-2.13,466.06,1244.13,85.147
10/16/2014,42.45665074,6.2,25.2,617.87,-2.14,464.7,1242.95,84.955
10/17/2014,38.03806168,6.12,21.99,628.62,-2.2,461.89,1238.32,85.11
10/20/2014,41.34330531,6.13,18.57,633.21,-2.18,460.53,1244.98,84.953
10/21/2014,39.89824252,6.17,16.08,644.21,-2.21,461.77,1251.83,85.303
10/22/2014,38.86158198,6.21,17.87,645.32,-2.23,459.95,1244.83,85.741
10/23/2014,36.3847769,6.32,16.53,643.32,-2.28,460.32,1228.64,85.843
10/24/2014,37.25864894,6.39,16.11,643.7,-2.28,458.32,1231.01,85.732
10/27/2014,40.33011315,6.27,16.04,633.54,-2.25,458.94,1229.76,85.495
10/28/2014,37.94941737,6.15,14.39,651.26,-2.28,459.04,1228.94,85.408
10/29/2014,33.77032521,6.41,15.15,650.48,-2.31,460.99,1224.11,85.952
10/30/2014,36.85825265,6.41,14.52,652.16,-2.31,460.39,1199.57,86.147
10/31/2014,33.33243255,6.34,14.03,662.96,-2.34,458.92,1172.94,86.917
11/3/2014,34.34992575,6.57,14.73,660.61,-2.34,458.98,1172,87.309
11/4/2014,35.67806635,6.47,14.89,654.19,-2.32,457.63,1169.24,86.984
11/5/2014,36.25963828,6.63,14.17,650.98,-2.33,457.7,1147.5,87.444
11/6/2014,34.66087088,6.62,13.67,642.54,-2.36,457.92,1144.28,88.012
11/7/2014,41.09764973,6.75,13.12,649.09,-2.29,456.39,1177.97,87.642
11/10/2014,37.1056324,6.71,12.67,646.14,-2.36,455.63,1161.05,87.81
11/11/2014,37.90340121,6.79,12.92,645.7,-2.355,457.46,1162.43,87.531
11/12/2014,38.02602221,6.84,13.02,641.3,-2.35,456.39,1163.22,87.822
11/13/2014,40.07913775,6.78,13.79,635.67,-2.33,454.31,1163.78,87.674
11/14/2014,44.49313421,6.61,13.31,638.46,-2.3,453.56,1188.75,87.525
11/17/2014,42.37474005,6.89,13.99,635.52,-2.31,454.08,1183.68,87.926
11/18/2014,45.44885906,7.01,13.86,642.36,-2.3,454.37,1195.23,87.575
11/19/2014,41.98393759,7.03,13.96,643.85,-2.35,451.97,1195.67,87.647
11/20/2014,43.4306969,6.95,13.58,647.74,-2.32,453.24,1191.43,87.591
11/21/2014,44.12033399,6.99,12.9,655.74,-2.3,454.7,1201.55,88.31
11/24/2014,44.4913854,7.04,12.62,660.45,-2.28,455.88,1197.08,88.151
11/25/2014,48.43951083,7.12,12.25,662.72,-2.25,456.61,1196.29,87.92
11/26/2014,50.81334746,7.19,12.07,667.38,-2.22,456.27,1198.4,87.607
11/28/2014,55.89874272,7.04,13.33,650.16,-2.16,454.64,1167.38,88.356
12/1/2014,49.54915743,7.07,14.29,629.9,-2.19,455.32,1215.54,87.946
12/2/2014,43.76354063,6.85,12.85,633.84,-2.25,454.63,1199.21,88.647
12/3/2014,41.18573507,6.89,12.47,637.15,-2.28,454.2,1210.47,88.956
12/4/2014,44.3205174,6.84,12.38,635.28,-2.23,452.46,1206.98,88.704
12/5/2014,38.76762006,6.66,11.82,637.8,-2.29,452,1192.35,89.334
12/8/2014,44.30791929,6.66,14.21,629.14,-2.23,451.75,1193.4,89.041
12/9/2014,48.03376432,6.74,14.89,625.08,-2.18,450.9,1228.95,88.69
12/10/2014,49.89843796,6.56,18.53,628.77,-2.15,449.95,1229.4,88.271
12/11/2014,45.00152664,6.74,20.08,626.46,-2.16,448.86,1226.5,88.663
12/12/2014,55.22455602,6.66,21.08,620.9,-2.08,449.22,1222.59,88.363
12/15/2014,54.06650199,6.89,20.42,612.77,-2.08,448.71,1207.71,88.46
12/16/2014,58.70276399,6.91,23.57,606.31,-2.04,443.36,1197.89,88.125
12/17/2014,49.81469831,6.99,19.44,603.67,-2.11,440.56,1194.9,89.133
12/18/2014,43.40328894,7.04,16.81,616.02,-2.18,439.75,1195.08,89.235
12/19/2014,49.67988886,7.08,16.49,618.19,-2.13,440.72,1195.74,89.598
12/22/2014,49.58479755,7.11,15.25,620.76,-2.12,440.31,1181.02,89.77
12/23/2014,40.59565836,7.25,14.8,620.84,-2.23,440.06,1178.25,90.064
12/24/2014,40.64434255,7.37,14.37,622.84,-2.26,438.81,1174.06,89.967
12/26/2014,42.60548842,7.31,14.5,625.66,-2.24,438.81,1196,90.03
12/29/2014,46.73325219,7.25,15.06,627.23,-2.19,439.46,1182.75,90.19
12/30/2014,47.37711269,7.21,15.92,622.32,-2.17,439.68,1203.53,89.991
12/31/2014,49.68011172,7.25,19.2,624.64,-2.13,437.75,1187.96,90.269
1/2/2015,51.88500598,7.01,17.79,626.91,-2.1,437.59,1188.39,91.08
1/5/2015,58.59145659,6.9,19.92,615.4,-2.01,435.69,1201.02,91.378
1/6/2015,62.87477295,6.77,21.12,614.41,-1.94,434.51,1217.04,91.499
1/7/2015,61.65664456,6.78,19.31,614.58,-1.93,434.64,1213.58,91.89
1/8/2015,54.25102328,6.81,17.01,627.3,-2,434.5,1213.5,92.368
1/9/2015,59.7132817,6.71,17.55,626.46,-1.96,434.64,1223.25,91.935
1/12/2015,65.07150074,6.71,19.6,620.74,-1.89,433.63,1228.32,91.983
1/13/2015,63.97924466,7.29,20.56,623.76,-1.88,432.4,1236.98,92.31
1/14/2015,66.40869011,7.16,21.48,622.78,-1.82,428.6,1238.75,92.161
1/15/2015,73.31150333,7.12,22.39,615.17,-1.74,428.75,1262.25,92.352
1/16/2015,67.00112376,7.13,20.95,613.62,-1.8,429.43,1280.45,92.52
1/20/2015,66.59298915,7.16,19.89,612.92,-1.79,426.88,1293.98,93.046
1/21/2015,62.13866433,7.32,18.85,619.53,-1.84,426.75,1292.6,92.904
1/22/2015,60.69589354,6.76,16.4,621.61,-1.87,424.96,1301.04,94.077
1/23/2015,71.16885783,6.8,16.66,624.42,-1.79,424.39,1294.08,94.762
1/26/2015,69.06899216,6.85,15.52,643.31,-1.8,424.27,1281.03,94.802
1/27/2015,68.15011769,6.84,17.22,651.82,-1.81,423.69,1290.47,94.022
1/28/2015,76.34862742,6.95,20.44,646.47,-1.71,422.96,1287.53,94.467
1/29/2015,71.17643774,7.06,18.76,644.02,-1.74,422.3,1257,94.782
1/30/2015,77.57359701,7.08,20.97,639.53,-1.66,422.45,1283.79,94.804
2/2/2015,76.39737274,7.13,19.43,652,-1.66,422.81,1277.86,94.504
2/3/2015,66.28905588,7.06,17.33,666.55,-1.77,425.26,1259.3,93.6
2/4/2015,67.07733526,6.93,18.33,665.89,-1.8,425.29,1263.07,93.986
2/5/2015,64.55423563,7,16.85,669.63,-1.81,425.95,1262.7,93.569
2/6/2015,55.38503658,6.95,17.29,669.66,-1.93,424.91,1234.04,94.698
2/9/2015,56.17410354,6.91,18.55,667.38,-1.95,425.17,1240.06,94.449
2/10/2015,52.31559065,7.1,17.23,673.86,-2,417.11,1233.71,94.758
2/11/2015,56.72000891,7.23,16.96,669.46,-1.99,416.11,1223.27,94.985
2/12/2015,59.48999745,7.39,15.34,678.85,-1.97,415.9,1220.08,94.094
2/13/2015,57.39634206,7.63,14.69,683.26,-2.01,418.72,1229.76,94.201
2/17/2015,46.7885049,7.47,15.8,682.17,-2.12,418.49,1206.77,94.061
2/18/2015,55.95285631,7.49,15.45,682.29,-2.05,417.5,1200.76,94.198
2/19/2015,50.87785592,7.34,15.29,677.84,-2.09,419,1207.94,94.404
2/20/2015,51.59502606,7.32,14.3,678.73,-2.11,418.48,1201.94,94.253
2/23/2015,58.74689873,7.7,14.56,680.17,-2.04,417.76,1200.08,94.569
2/24/2015,63.61514226,7.47,13.69,690.76,-1.97,419.93,1196.52,94.493
2/25/2015,64.74642701,7.39,13.84,696.4,-1.94,419.42,1203.45,94.213
2/26/2015,58.806854,7.06,13.91,698.57,-2,419.67,1210,95.292
2/27/2015,62.4424467,7.1,13.34,698.93,-1.98,420.92,1213.18,95.293
3/2/2015,53.76407282,6.95,13.04,709.06,-2.06,421.57,1207.93,95.462
3/3/2015,50.13118443,6.73,13.86,716.34,-2.1,421.69,1204.85,95.383
3/4/2015,51.74816911,7.02,14.23,736.7,-2.11,421.67,1201.18,95.965
3/5/2015,54.33668102,6.75,14.04,768.8,-2.09,421.35,1199.28,96.378
3/6/2015,42.70067142,6.8,15.2,751.76,-2.23,419.44,1167.29,97.615
3/9/2015,47.35428959,6.68,15.06,737.46,-2.18,418.71,1167.51,97.588
3/10/2015,54.52490079,6.82,16.69,726.68,-2.12,416.93,1160.62,98.618
3/11/2015,56.03872834,6.76,16.87,725.66,-2.08,415.86,1151.27,99.795
3/12/2015,58.22531186,6.41,15.42,728.69,-2.07,415.84,1153.8,99.435
3/13/2015,56.12380523,6.46,16,723.69,-2.1,414.53,1158.48,100.33
3/16/2015,58.28120479,6.49,15.61,727.64,-2.05,413.99,1154.42,99.604
3/17/2015,59.88711326,6.73,15.66,730.4,-2.01,412.74,1148.63,99.585
3/18/2015,70.78128976,6.74,13.97,740.38,-1.9,412.97,1152.98,98.55
3/19/2015,62.86878579,6.67,14.07,739.44,-1.95,413.71,1169.27,99.26
3/20/2015,66.16636061,7.04,13.02,751.07,-1.92,415.29,1182.54,97.909
3/23/2015,66.55355379,7.04,13.41,754.47,-1.89,417.03,1188.28,97.033
3/24/2015,67.08118155,7.03,13.62,756.16,-1.86,417.35,1193.7,97.193
3/25/2015,61.34541066,6.97,15.44,752.36,-1.89,417.37,1197.75,96.979
3/26/2015,54.10224738,6.95,15.8,742.63,-1.98,416.92,1202.83,97.436
3/27/2015,59.93718423,6.76,15.07,741.98,-1.91,416.6,1198.55,97.291
3/30/2015,58.77490115,6.88,14.51,751.73,-1.92,416.91,1184.81,97.975
3/31/2015,61.20907914,6.92,15.29,755.14,-1.91,414.98,1183.88,98.357
4/1/2015,68.0749989,7.14,15.11,764.52,-1.84,414.84,1206.55,98.185
4/2/2015,62.53147996,7.15,14.67,771.98,-1.9,414,1200,97.436
4/3/2015,68.12666333,7.15,14.705,771.85,-1.83,414,1206.91,96.545
4/6/2015,62.78473278,7.15,14.74,777.45,-1.89,414.95,1219.75,96.777
4/7/2015,66.73299178,7.11,14.78,776.65,-1.87,415.2,1211.4,97.83
4/8/2015,65.53427387,7.12,13.98,785.87,-1.89,415.02,1202.77,97.94
4/9/2015,60.81334582,7.01,13.09,796.45,-1.94,415.56,1195.01,99.155
4/10/2015,61.85075749,6.94,12.58,797.89,-1.94,415.62,1207.6,99.338
4/13/2015,63.95678019,6.8,13.94,803.28,-1.91,415.13,1199.94,99.49
4/14/2015,66.66721887,6.8,13.67,800.03,-1.88,413.98,1193.69,98.733
4/15/2015,65.53706325,6.85,12.84,805.84,-1.89,413.53,1197.31,98.319
4/16/2015,67.16764773,6.87,12.6,807.53,-1.88,412.88,1196.68,97.415
4/17/2015,71.99362326,6.84,13.89,800.15,-1.86,413.39,1204.22,97.52
4/20/2015,68.55641299,7.13,13.3,792.32,-1.87,413.61,1194.54,97.941
4/21/2015,66.54703193,7.08,13.25,798.27,-1.89,413.5,1202.38,98.004
4/22/2015,60.04866381,7.09,12.71,804.44,-1.96,413.68,1188.66,97.932
4/23/2015,65.28065187,7.25,12.48,812.45,-1.93,414.86,1191.92,97.278
4/24/2015,69.7982348,7.28,12.29,807.43,-1.9,415.99,1179,96.922
4/27/2015,68.08691319,7.15,13.12,808.38,-1.92,416.87,1206.94,96.765
4/28/2015,62.19825209,7.35,12.41,812.3,-1.98,418.06,1212.91,96.092
4/29/2015,58.20814091,7.46,13.39,802.81,-2.05,419.24,1209.85,95.209
4/30/2015,59.94269437,7.39,14.55,795.01,-2.04,421.15,1181.44,94.6
5/1/2015,54.53424298,7.48,12.7,793.81,-2.11,421.31,1178.46,95.297
5/4/2015,52.06380768,7.58,12.85,799.06,-2.14,422.75,1189.19,95.48
5/5/2015,50.21090186,7.55,14.31,792.59,-2.18,423.63,1194.03,95.076
5/6/2015,46.08323252,7.53,15.15,792.08,-2.23,425.46,1190.6,94.087
5/7/2015,55.21335156,7.43,15.13,789.69,-2.17,425.12,1182.22,94.635
5/8/2015,56.73084675,7.53,12.86,804.79,-2.15,428.54,1188.39,94.794
5/11/2015,44.94813803,7.62,13.85,807.85,-2.26,428.13,1183.76,95.011
5/12/2015,46.79048909,7.59,13.86,803.62,-2.25,428.59,1194.18,94.534
5/13/2015,46.78045697,7.64,13.76,807.37,-2.25,429.86,1217.79,93.617
5/14/2015,52.61611753,7.55,12.74,809.42,-2.22,430.32,1224.84,93.457
5/15/2015,61.25785591,7.59,12.38,812.15,-2.12,430.18,1224.8,93.135
5/18/2015,53.41293287,7.6,12.73,809.18,-2.21,429.44,1227.48,94.221
5/19/2015,51.15449187,7.37,12.85,806.94,-2.25,427.02,1208.39,95.267
5/20/2015,51.7020665,7.35,12.88,785.06,-2.24,426.47,1209.29,95.448
5/21/2015,59.98555578,7.3,12.11,784.98,-2.17,426.02,1204.64,95.255
5/22/2015,56.85056616,7.3,12.13,784.62,-2.19,423.51,1206.21,96.014
5/26/2015,63.90957891,7.22,14.06,776.34,-2.12,423.87,1187.44,97.299
5/27/2015,64.46865593,7.17,13.27,778.3,-2.13,422.47,1186.6,97.371
5/28/2015,64.63272605,7.18,13.31,772.74,-2.12,423.62,1188.61,96.965
5/29/2015,65.13244694,7.32,13.84,768.88,-2.11,424.74,1190.58,96.907
6/1/2015,58.14226833,7.24,13.97,768.21,-2.17,426.15,1191.15,97.392
6/2/2015,50.51502979,7.44,14.24,769.34,-2.26,426.37,1193.57,95.835
6/3/2015,41.48255176,7.48,13.66,770.09,-2.36,425.61,1182.81,95.465
6/4/2015,49.92692983,7.39,14.71,762.25,-2.29,426.5,1176.09,95.461
6/5/2015,42.17458781,7.4,14.21,758.03,-2.38,425.26,1171.94,96.306
6/8/2015,43.92134517,7.44,15.29,750.76,-2.37,426.34,1172.46,95.299
6/9/2015,41.08812132,7.56,14.47,739.6,-2.4,426.4,1177.55,95.166
6/10/2015,33.92760408,7.58,13.22,748.38,-2.48,425.67,1187.49,94.646
6/11/2015,44.6621296,7.5,12.85,752.38,-2.38,424.49,1179.81,94.976
6/12/2015,44.18735963,7.61,13.78,750.09,-2.37,424.09,1181.63,94.972
6/15/2015,47.50111225,7.51,15.39,742.32,-2.34,421.36,1188.39,94.81
6/16/2015,49.85897934,7.41,14.81,744.31,-2.31,422.45,1181.41,94.999
6/17/2015,48.1548233,7.46,14.5,747.5,-2.31,422.06,1176.39,94.296
6/18/2015,44.04395506,7.45,13.19,752.85,-2.34,422.18,1200.75,94.042
6/19/2015,52.90855663,7.41,13.96,745.51,-2.25,422.14,1200.27,94.085
6/22/2015,43.1129426,7.46,12.74,756,-2.36,423.26,1185.52,94.329
6/23/2015,39.70196553,7.48,12.11,760.46,-2.41,423.95,1178.2,95.432
6/24/2015,43.71697418,7.48,13.26,754.52,-2.37,423.31,1173.59,95.264
6/25/2015,42.07872232,7.58,14.01,747.05,-2.39,423.52,1173.3,95.187
6/26/2015,34.19139113,7.52,14.02,739.24,-2.48,424.67,1175.52,95.472
6/29/2015,49.85293814,7.33,18.85,717.01,-2.31,423.96,1178.61,94.79
6/30/2015,46.23372799,7.42,18.23,723.02,-2.34,426.29,1173.76,95.485
7/1/2015,38.57686258,7.47,16.09,723.93,-2.42,424.78,1171.65,96.31
7/2/2015,41.16730969,7.43,16.79,722.18,-2.39,423.29,1165.14,96.113
7/6/2015,50.37771309,7.36,17.01,695.25,-2.28,422.27,1172.12,96.298
7/7/2015,51.36709213,7.44,16.09,680.9,-2.25,419.44,1156.6,96.865
7/8/2015,55.11012389,7.43,19.66,668.69,-2.2,419.54,1161.88,96.294
7/9/2015,45.46813622,7.46,19.97,691.46,-2.29,420.55,1161.25,96.606
7/10/2015,36.53052824,7.59,16.83,711.67,-2.41,419.76,1163.74,96.025
7/13/2015,35.58468341,7.77,13.9,720.51,-2.42,420.06,1156.88,96.858
7/14/2015,40.93955712,7.71,13.37,722.06,-2.4,419.59,1155.31,96.643
7/15/2015,47.58620124,7.74,13.23,712.15,-2.34,418.29,1147.72,97.166
7/16/2015,47.34016709,7.64,12.11,719.85,-2.34,418.56,1145.4,97.668
7/17/2015,47.30032693,7.72,11.95,716.69,-2.31,415.48,1134.14,97.862
7/20/2015,45.10904966,7.96,12.25,720.72,-2.34,414.4,1108.25,98.029
7/21/2015,46.91145252,7.94,12.22,720.28,-2.32,414.11,1107.45,97.328
7/22/2015,47.87784535,7.94,12.12,691.44,-2.29,412.97,1094.04,97.598
7/23/2015,52.61368839,8.05,12.64,686.26,-2.25,412.59,1095.41,97.115
7/24/2015,52.97353943,7.98,13.74,680.02,-2.23,409.96,1099.11,97.244
7/27/2015,55.33306212,8,15.6,668.53,-2.18,407.19,1097.47,96.502
7/28/2015,50.38577799,8,13.44,671.47,-2.21,411.4,1095.32,96.772
7/29/2015,47.02063918,8.04,12.5,686.89,-2.23,410.42,1095.55,96.976
7/30/2015,48.45350597,7.86,12.13,672.59,-2.21,410.72,1089.65,97.56
7/31/2015,55.66692144,7.85,12.12,674.77,-2.12,410.37,1095.8,97.336
8/3/2015,59.6480218,7.93,12.56,672.09,-2.08,410.51,1091.5,97.494
8/4/2015,53.55858599,7.88,13,669.69,-2.15,410.06,1092.42,97.931
8/5/2015,48.21297406,7.81,12.51,678.61,-2.2,410.24,1086.03,97.958
8/6/2015,53.04879109,7.82,13.77,669.05,-2.19,409.39,1092.43,97.833
8/7/2015,59.92739524,7.76,13.39,663.18,-2.12,406.92,1094.15,97.563
8/10/2015,53.10434512,7.9,12.23,670.14,-2.12,409.18,1106.86,97.159
8/11/2015,60.94585732,8.07,13.71,658.54,-2.05,407.56,1109.33,97.29
8/12/2015,59.90776722,8.17,13.61,654.94,-2.04,406.6,1124.06,96.262
8/13/2015,55.50369653,8.17,13.49,657.13,-2.09,408.32,1116.48,96.445
8/14/2015,55.15011266,8.3,12.83,657,-2.11,411.39,1115.07,96.52
8/17/2015,58.30797287,8.22,13.02,658.48,-2.06,410.76,1119.15,96.806
8/18/2015,54.55241103,8.25,13.79,656.57,-2.13,410.95,1116.39,97.04
8/19/2015,62.5235436,8.32,15.25,643.18,-2.07,410.2,1129.07,96.359
8/20/2015,65.97945711,8.34,19.14,620.47,-2.07,411.53,1152.6,95.98
8/21/2015,67.71917107,8.18,28.03,599.89,-2.02,410.09,1160.77,95.008
8/24/2015,70.36750738,8.15,40.74,578.45,-1.95,407.09,1155.8,93.332
8/25/2015,59.60974386,8.23,36.02,586.35,-2.05,404.94,1137.73,94.53
8/26/2015,53.46107453,8.08,30.32,587.15,-2.12,402.81,1125.72,95.1
8/27/2015,54.86338844,8.03,26.1,610.55,-2.12,404.85,1123.9,95.61
8/28/2015,53.50557026,8.09,26.05,615.21,-2.13,405.21,1133.6,96.106
8/31/2015,49.39242259,8.05,28.43,605.31,-2.13,406.3,1133.72,95.824
9/1/2015,55.95871205,7.99,31.4,591.29,-2.14,405.46,1141.14,95.45
9/2/2015,52.47504447,8.1,26.09,590.03,-2.17,406.02,1135.15,95.828
9/3/2015,54.21326103,8.15,25.61,592.93,-2.16,405.54,1124.09,96.405
9/4/2015,58.41078464,8.07,27.8,582.81,-2.11,404.59,1121.85,96.229
9/8/2015,52.00134933,8.22,24.9,595.84,-2.14,404.98,1123.67,95.985
9/9/2015,53.8516282,8.25,26.23,602.6,-2.18,405.18,1102.82,96.012
9/10/2015,52.30065392,8.26,24.37,601.01,-2.21,406.26,1110.9,95.456
9/11/2015,55.14777636,8.24,23.2,597.89,-2.16,407.25,1107.95,95.194
9/14/2015,56.03879666,8.21,24.25,596.25,-2.11,407.71,1109.97,95.246
9/15/2015,45.50817412,8.15,22.54,599.65,-2.21,407.75,1104.51,95.611
9/16/2015,44.19346303,8.21,21.35,607.19,-2.24,406.28,1123.53,95.42
9/17/2015,56.16585857,8.21,21.14,608.85,-2.2,405.98,1117.81,94.55
9/18/2015,61.6040307,8.09,22.28,601.91,-2.13,404.46,1139.23,94.863
9/21/2015,54.46142944,7.96,20.14,598.35,-2.19,406.9,1133.29,95.894
9/22/2015,58.97850706,8,22.44,588.05,-2.14,405.19,1125.86,96.283
9/23/2015,52.95495609,8.05,22.13,576.7,-2.15,405.57,1132.65,96.068
9/24/2015,55.43626038,7.99,23.47,571.04,-2.12,405.93,1152.94,95.994
9/25/2015,48.61947418,7.98,23.62,575.35,-2.17,406.07,1146.2,96.269
9/28/2015,57.55981249,7.9,27.63,562.32,-2.09,404.82,1134.11,96.034
9/29/2015,60.37140554,7.96,26.83,559.46,-2.04,403.57,1130.82,95.855
9/30/2015,57.09726961,8.13,24.5,575.49,-2.06,403.13,1114.9,96.35
10/1/2015,58.89220589,8.15,22.55,578.48,-2.05,402.35,1115.35,96.185
10/2/2015,62.16963186,8.13,20.94,596.66,-1.99,401.85,1138.6,95.83
10/5/2015,56.11352647,8.19,19.54,612.06,-2.06,399.37,1134.74,96.106
10/6/2015,57.51760029,8.2,19.4,620.25,-2.05,400.18,1146.56,95.455
10/7/2015,54.92417635,8.09,18.4,631.26,-2.08,399.98,1145.88,95.497
10/8/2015,49.9645064,8.11,17.42,633.03,-2.12,399.76,1144.18,95.318
10/9/2015,50.48324846,8.33,17.08,640.88,-2.11,394.16,1156.53,94.813
10/12/2015,53.23443463,8.28,16.17,635.84,-2.08,396.52,1164.25,94.841
10/13/2015,55.94110385,8.32,17.67,629.07,-2.05,399.12,1165.4,94.759
10/14/2015,62.93575815,8.42,18.03,636.91,-1.99,397.79,1178.6,93.931
10/15/2015,57.66860978,8.41,16.05,648.32,-2.03,397.63,1187.39,94.371
10/16/2015,55.80055745,8.38,15.05,642.33,-2.03,397.35,1177.3,94.54
10/19/2015,56.40492297,8.34,14.98,638.09,-2.02,398.03,1172.02,94.928
10/20/2015,51.68438559,8.46,15.75,640.46,-2.06,398.04,1177.02,94.913
10/21/2015,56.54179675,8.44,16.7,637.81,-2.03,396.82,1167.07,95.035
10/22/2015,56.23166686,8.47,14.45,638.14,-2.04,396.05,1167.5,96.378
10/23/2015,52.11574499,8.62,14.46,637.63,-2.08,396.26,1164.45,97.127
10/26/2015,52.91311502,8.65,15.29,635.59,-2.05,395.66,1164.69,96.861
10/27/2015,54.98234192,8.6,15.43,621.91,-2.02,395.88,1166.45,96.906
10/28/2015,48.5676467,8.56,14.33,627.39,-2.06,395.12,1176.88,97.782
10/29/2015,41.05075442,8.67,14.61,628.08,-2.12,393.89,1146.56,97.282
10/30/2015,42.45919737,8.63,15.07,624.57,-2.08,395.15,1142.11,96.946
11/2/2015,38.78487047,8.59,14.15,628.61,-2.12,393.48,1135,96.928
11/3/2015,37.09343184,8.44,14.54,629.98,-2.17,393.58,1117,97.158
11/4/2015,35.79237258,8.39,15.51,630.76,-2.2,394.1,1111,97.95
11/5/2015,36.78590485,8.46,15.05,628.29,-2.21,392.15,1106.8,97.936
11/6/2015,29.7652678,8.4,14.33,630.98,-2.26,391,1089.8,99.168
11/9/2015,29.43571912,8.31,16.52,622.98,-2.22,385.27,1090.18,98.979
11/10/2015,34.11029657,8.44,15.29,607.73,-2.19,384.22,1089.8,99.293
11/11/2015,33.86469454,8.44,16.06,605.41,-2.185,383.95,1085.25,99.013
11/12/2015,33.3499245,8.37,18.37,598.68,-2.18,383.65,1081.21,98.649
11/13/2015,37.47048279,8.39,20.08,591.24,-2.14,383.55,1083.91,98.998
11/16/2015,37.0276021,8.53,18.16,594.42,-2.12,383.43,1085.29,99.442
11/17/2015,40.06332175,8.61,18.84,589.04,-2.11,384.08,1069.46,99.631
11/18/2015,37.07910579,8.58,16.85,591.68,-2.15,382.89,1068.75,99.652
11/19/2015,38.8059735,8.63,16.99,596.04,-2.13,382.59,1080.45,98.989
11/20/2015,36.57613827,8.51,15.47,598.26,-2.14,383.29,1078.01,99.565
11/23/2015,37.15719299,8.56,15.62,597,-2.11,382.94,1069.99,99.803
11/24/2015,36.46073674,8.65,15.93,598.8,-2.08,382.22,1075.32,99.527
11/25/2015,37.36323759,8.62,15.19,598.7,-2.04,383.85,1071.18,99.795
11/27/2015,38.49523608,8.58,15.12,598.01,-2.04,383.82,1057.45,100.02
11/30/2015,37.62075656,8.58,16.13,594.33,-1.99,384.22,1064.17,100.17
12/1/2015,43.55652891,8.56,14.67,604.17,-1.94,385.23,1065,99.795
12/2/2015,38.8306165,8.48,15.91,611.38,-1.97,385.53,1053.8,99.993
12/3/2015,24.38863935,8.59,18.11,613.37,-2.12,385.89,1061.28,97.621
12/4/2015,30.14799132,8.52,14.81,612.35,-2.05,386.75,1086.44,98.354
12/7/2015,35.8472881,8.41,15.84,606.72,-1.94,385.96,1076.76,98.655
12/8/2015,33.63271833,8.41,17.6,599.42,-1.97,385.29,1074.31,98.474
12/9/2015,36.73517524,8.4,19.61,600.78,-1.96,384.9,1077.34,97.345
12/10/2015,32.71781229,8.36,19.34,592.47,-2,381.66,1072.23,97.939
12/11/2015,44.62736331,8.07,24.39,580.28,-1.9,380.46,1074.77,97.565
12/14/2015,32.27159828,8.07,22.73,591.29,-1.97,379.74,1064.15,97.604
12/15/2015,29.5515824,8.19,20.95,600.98,-2.03,378.88,1063.47,98.217
12/16/2015,26.35799601,8.13,17.86,629.01,-2.03,371.63,1076.43,97.871
12/17/2015,32.02119359,8.07,18.94,629.89,-2.01,376.42,1052.94,99.27
12/18/2015,35.38153141,8.06,20.7,626.11,-2,377.33,1066.25,98.703
12/21/2015,34.00932687,8.19,18.7,626.39,-1.96,377.26,1080.56,98.363
12/22/2015,29.0051149,8.25,16.6,620.19,-2.03,376.31,1073.95,98.235
12/23/2015,24.69856704,8.22,15.57,629.29,-2.07,372.22,1069.58,98.341
12/24/2015,26.01669408,8.19,15.74,633.25,-2.05,372.37,1077.08,97.984
12/28/2015,26.33062292,8.31,16.91,628.32,-2.01,371.17,1069.75,97.919
12/29/2015,16.91401982,8.27,16.08,628.12,-2.09,371.76,1069.28,98.101
12/30/2015,17.60589971,8.21,17.29,625.43,-2.1,373.69,1060.28,98.266
12/31/2015,21.43691601,8.22,18.21,625.72,-2.11,374.7,1062.19,98.631
1/4/2016,23.68605723,8.04,20.7,619.28,-2.02,374.74,1076.26,98.869
1/5/2016,18.71530747,7.99,19.34,617.79,-2.05,375.01,1079.76,99.404
1/6/2016,23.75619956,7.74,20.59,610.53,-1.97,377.3,1091.07,99.181
1/7/2016,22.42569369,7.54,24.99,587.63,-1.96,375.89,1108.85,98.219
1/8/2016,22.67618684,7.41,27.01,583.74,-1.93,377.84,1104.15,98.54
1/11/2016,18.99007297,7.12,24.3,571.22,-1.96,373.94,1099.27,98.725
1/12/2016,25.06670689,7.1,22.47,565.67,-1.91,375.6,1086.45,98.974
1/13/2016,28.78842382,7.24,25.22,558,-1.86,375.59,1090.95,98.933
1/14/2016,26.22693783,7.08,23.95,549.35,-1.85,376.09,1078.02,99.089
1/15/2016,31.93321444,6.67,27.02,531.97,-1.79,376.57,1088.88,98.956
1/19/2016,30.04212803,6.81,26.05,530.13,-1.8,377.25,1089.48,98.991
1/20/2016,32.13516612,6.31,27.59,514.97,-1.75,377.69,1105.92,99.091
1/21/2016,30.98832562,6.17,26.69,510.6,-1.74,377.64,1095.1,99.056
1/22/2016,26.45910486,6.32,22.34,530.26,-1.76,376.83,1097.95,99.574
1/25/2016,29.43245145,5.87,24.15,525.73,-1.72,378.93,1105.95,99.36
1/26/2016,32.38574117,6.07,22.5,531.45,-1.7,380.19,1118.76,99.087
1/27/2016,31.85739534,5.9,23.11,534.74,-1.7,381.63,1117.54,98.902
1/28/2016,32.77206454,6.06,22.42,531.92,-1.65,381.63,1115.91,98.51
1/29/2016,38.09199095,6.04,20.2,550.74,-1.61,383.26,1118.21,99.606
2/1/2016,34.31226352,5.68,19.98,554.41,-1.62,383.15,1127.03,99.009
2/2/2016,44.00102741,5.81,21.98,540.76,-1.53,384.32,1126.02,98.872
2/3/2016,40.54986572,5.61,21.65,539.84,-1.55,385.76,1139.57,97.288
2/4/2016,42.00201094,5.6,21.84,546.04,-1.58,386.71,1155.45,96.474
2/5/2016,43.77943691,5.54,23.38,534.09,-1.56,385.94,1173.4,97.031
2/8/2016,52.09184275,5.23,26,516.8,-1.43,385.21,1195.25,96.57
2/9/2016,50.6118869,4.95,26.54,518.4,-1.44,384.45,1197.16,96.071
2/10/2016,50.49120289,4.87,26.29,510.67,-1.4,385.33,1192,95.888
2/11/2016,57.19988137,4.73,28.14,492.81,-1.35,385.23,1247.9,95.562
2/12/2016,47.63070883,5.05,25.4,493.15,-1.44,384.93,1237.97,95.94
2/16/2016,45.04847047,4.67,24.11,513.47,-1.48,384.51,1208.72,96.868
2/17/2016,42.91221854,5.07,22.31,522.86,-1.51,385.66,1209.8,96.786
2/18/2016,50.66550573,5.24,21.64,526.86,-1.45,385.41,1227.3,96.951
2/19/2016,49.7102499,5.15,20.53,521.28,-1.45,385.01,1226.8,96.6
2/22/2016,48.58209694,5.4,19.38,530.36,-1.44,385.36,1210.75,97.379
2/23/2016,53.88865937,4.89,20.98,524.17,-1.42,384.61,1223.36,97.481
2/24/2016,53.87045489,4.85,20.72,527.74,-1.42,384.84,1237.77,97.458
2/25/2016,57.03181854,5.06,19.11,532.76,-1.39,384.09,1241.39,97.287
2/26/2016,53.11503827,4.98,19.81,537.4,-1.43,383.4,1223.46,98.148
2/29/2016,55.70730995,4.99,20.55,537.78,-1.41,383.63,1232.07,98.211
3/1/2016,47.42780356,4.99,17.7,542,-1.5,383.61,1229.85,98.352
3/2/2016,47.96986183,4.95,17.09,551.97,-1.48,383.61,1240.46,98.214
3/3/2016,50.07953159,4.88,16.7,559.54,-1.55,385.02,1257.1,97.592
3/4/2016,47.67747533,4.92,16.86,567.7,-1.59,387.33,1258.95,97.34
3/7/2016,46.01047717,5.09,17.35,571.9,-1.59,388,1261.9,97.071
3/8/2016,52.37326484,5.01,18.67,563.34,-1.54,388.71,1264.99,97.209
3/9/2016,47.32820733,5.07,18.34,566.56,-1.6,389.63,1256.31,97.173
3/10/2016,44.9759247,4.9,18.05,565.25,-1.61,394.96,1272.61,96.066
3/11/2016,40.99630083,4.98,16.5,578.93,-1.65,394.84,1249.45,96.172
3/14/2016,41.92226254,4.85,16.92,579.27,-1.63,395.97,1238.72,96.624
3/15/2016,42.49151593,4.85,16.84,572.63,-1.63,395.76,1229.97,96.633
3/16/2016,45.28175587,4.95,14.99,572.86,-1.63,395.03,1230.39,95.89
3/17/2016,47.00115893,4.99,14.44,589.32,-1.62,399.91,1263.55,94.76
3/18/2016,49.63284365,4.93,14.02,595.62,-1.58,399.99,1255.4,95.086
3/21/2016,45.31014233,4.86,13.79,592.72,-1.61,403.58,1244.74,95.288
3/22/2016,43.15471343,4.81,14.17,588.41,-1.64,403.8,1247.05,95.648
3/23/2016,50.25733125,4.79,14.94,575.62,-1.58,403.44,1224.19,96.046
3/24/2016,47.01619265,4.84,14.74,570.57,-1.61,402.23,1222.04,96.142
3/28/2016,49.28738242,4.805,15.24,574.08,-1.6,402.06,1218.34,95.943
3/29/2016,53.33948103,4.77,13.82,578.42,-1.58,402.08,1235.85,95.16
3/30/2016,52.59501553,4.95,13.56,589.14,-1.63,401.15,1227.93,94.841
3/31/2016,54.98362434,5.2,13.95,588.45,-1.57,401.27,1232.44,94.586
4/1/2016,53.38144455,5.16,13.1,582.53,-1.56,400.82,1216.8,94.619
4/4/2016,53.77313638,5.32,14.12,577.39,-1.55,401.46,1217.05,94.51
4/5/2016,56.03196131,5.23,15.42,569.11,-1.5,401.1,1228.45,94.631
4/6/2016,52.45001355,5.3,14.09,569.53,-1.53,401.67,1222.22,94.43
4/7/2016,55.94075675,5.27,16.16,566.25,-1.47,400.89,1237.05,94.482
4/8/2016,52.80974123,5.41,15.36,571.29,-1.49,405.81,1240.69,94.235
4/11/2016,52.63754531,5.57,16.26,575.23,-1.5,405.33,1257.94,93.95
4/12/2016,48.08200385,5.58,14.85,581.49,-1.57,404.98,1255.03,93.959
4/13/2016,48.96808885,5.53,13.84,589.52,-1.54,410.89,1246.39,94.744
4/14/2016,46.25364027,5.6,13.72,586.74,-1.58,411.02,1225.2,94.902
4/15/2016,49.18808118,5.47,13.62,586.57,-1.54,411.33,1233.99,94.696
4/18/2016,46.42717594,5.46,13.35,583.92,-1.56,412.58,1232.19,94.49
4/19/2016,45.23130968,5.56,13.24,590.54,-1.58,414.64,1253.35,93.976
4/20/2016,38.10897058,5.54,13.28,591.01,-1.62,417.16,1252.74,94.492
4/21/2016,37.26553339,5.74,13.95,591.08,-1.65,416.13,1251.18,94.599
4/22/2016,37.00110275,5.96,13.22,588.9,-1.66,414.84,1233.03,95.116
4/25/2016,34.84201768,5.89,14.08,580.64,-1.66,416.07,1239.65,94.842
4/26/2016,32.69527478,6.61,13.96,586.12,-1.7,416.11,1240.75,94.573
4/27/2016,38.17243115,6.83,13.77,589.58,-1.63,415.89,1249.19,94.387
4/28/2016,40.68835957,6.33,15.22,584.97,-1.62,415.71,1264.25,93.761
4/29/2016,40.25356461,6.17,15.7,583.45,-1.61,417.65,1293.53,93.082
5/2/2016,35.40197617,6.1,14.68,574.12,-1.66,415.89,1293.9,92.626
5/3/2016,40.29447533,5.98,15.6,560.02,-1.6,413.84,1287.3,92.944
5/4/2016,41.4174445,6.12,16.05,556.48,-1.6,414.09,1277.5,93.179
5/5/2016,44.57628962,6.19,15.91,550.23,-1.56,412.86,1276.63,93.78
5/6/2016,41.09957457,5.85,14.72,552.09,-1.6,412.93,1288.99,93.888
5/9/2016,42.49821618,5.69,14.57,545.93,-1.53,413.75,1265.69,94.128
5/10/2016,41.58304452,5.89,13.63,549.94,-1.53,414.74,1260.36,94.29
5/11/2016,43.74283783,6.01,14.69,555.51,-1.47,414.39,1272.88,93.823
5/12/2016,40.39233805,5.8,14.41,550.64,-1.48,414.53,1271.1,94.15
5/13/2016,42.91473176,5.84,15.04,544.01,-1.42,415.65,1273.45,94.608
5/16/2016,40.0163736,6.1,14.68,545.06,-1.47,416.13,1275.61,94.572
5/17/2016,38.28549151,6.04,15.57,547.13,-1.48,416.73,1276.15,94.548
5/18/2016,29.33688925,6.05,15.95,538.33,-1.57,416.02,1272.61,95.08
5/19/2016,31.75411186,5.98,16.33,529.33,-1.54,413.2,1252.4,95.287
5/20/2016,33.1821292,5.95,15.2,538.52,-1.52,411.94,1251.98,95.334
5/23/2016,33.97043215,5.72,15.82,540.61,-1.49,411.52,1249.02,95.231
5/24/2016,32.76326667,5.78,14.42,543.81,-1.51,410.12,1228.97,95.571
5/25/2016,33.56132274,5.85,13.9,547.01,-1.54,409.92,1223.95,95.354
5/26/2016,36.3633306,6.01,13.43,545.93,-1.52,410.65,1220.42,95.168
5/27/2016,35.18971273,6.02,13.12,545.11,-1.53,411.44,1212.38,95.521
5/31/2016,36.83821892,6.08,14.19,548.47,-1.5,412.3,1214.88,95.891
6/1/2016,36.40124355,5.95,14.2,557.05,-1.55,412.82,1207.85,95.455
6/2/2016,38.87069244,6.01,13.63,557.83,-1.52,413.84,1211.09,95.564
6/3/2016,47.1112932,5.93,13.47,560.6,-1.41,416.54,1244.2,94.029
6/6/2016,44.75598042,6.19,13.65,568.53,-1.45,419.15,1245.98,93.902
6/7/2016,45.40607023,6.1,14.05,571.85,-1.44,418.78,1242.94,93.828
6/8/2016,45.57856043,6.09,14.08,570.67,-1.47,420.92,1260.12,93.59
6/9/2016,48.33385376,6.1,14.64,565.34,-1.42,418.99,1268.86,93.953
6/10/2016,49.44031664,5.94,17.03,544.72,-1.38,418.88,1274.24,94.571
6/13/2016,50.40856308,5.84,20.97,532.95,-1.35,420.83,1283.74,94.362
6/14/2016,49.21920947,5.84,20.5,523.92,-1.35,420.11,1282.43,94.928
6/15/2016,50.64784866,5.89,20.14,527.35,-1.34,419.84,1285.26,94.61
6/16/2016,51.03589123,5.7,19.37,522.82,-1.3,419.24,1302.24,94.569
6/17/2016,47.69341154,5.66,19.41,535.05,-1.35,419.19,1298.65,94.206
6/20/2016,45.20214942,5.84,18.37,547.28,-1.39,417.65,1287.68,93.611
6/21/2016,41.63959967,5.54,18.48,545.91,-1.44,415.63,1269.43,94.017
6/22/2016,43.48704737,5.67,21.17,550.38,-1.42,414.95,1267.65,93.716
6/23/2016,39.28062064,5.63,17.25,557.6,-1.43,415.83,1262.7,93.529
6/24/2016,49.55446196,4.95,25.76,532.24,-1.3,413.69,1315.75,95.448
6/27/2016,56.95846457,4.76,23.85,521.62,-1.19,412.87,1322.1,96.544
6/28/2016,58.03705191,4.68,18.75,533.98,-1.2,413.17,1314.58,96.245
6/29/2016,55.1589358,4.51,16.64,549.7,-1.24,413.03,1325.01,95.769
6/30/2016,57.32276792,4.46,15.63,558.14,-1.23,412.72,1316.13,96.143
7/1/2016,58.84160453,4.61,14.77,560.68,-1.18,413.56,1341.35,95.649
7/5/2016,65.98987631,4.7,15.58,554.23,-1.09,413.35,1355.01,96.166
7/6/2016,64.03991889,4.58,14.96,554.57,-1.11,411.97,1364.85,96.053
7/7/2016,62.30741055,4.57,14.76,554.92,-1.11,409.13,1361.09,96.328
7/8/2016,66.22116973,4.53,13.2,563.27,-1.09,411.09,1366.33,96.302
7/11/2016,60.6593976,4.42,13.54,575.62,-1.12,411.62,1359.35,96.571
7/12/2016,52.65632332,4.62,13.55,576.04,-1.24,412.24,1332.55,96.441
7/13/2016,57.46053705,4.78,13.04,571.87,-1.17,415.01,1342.87,96.216
7/14/2016,53.86971383,4.77,12.82,575.83,-1.21,415.97,1333.2,96.077
7/15/2016,49.57327422,4.92,12.67,571.29,-1.28,414.93,1337.45,96.58
7/18/2016,51.16898447,4.84,12.44,576.86,-1.27,414.63,1328.27,96.562
7/19/2016,53.18317417,4.66,11.97,573.25,-1.25,412.84,1332.89,97.063
7/20/2016,50.82775275,4.68,11.77,580.04,-1.27,411.49,1319.31,97.201
7/21/2016,53.55504155,4.64,12.74,581.39,-1.25,411.45,1330.25,97
7/22/2016,53.43845791,4.55,12.02,580.66,-1.24,410.61,1322.73,97.467
7/25/2016,52.10757311,4.58,12.87,580.98,-1.26,409.87,1320.43,97.286
7/26/2016,52.90755021,4.5,13.05,586.37,-1.26,409.38,1320.34,97.156
7/27/2016,56.45477716,4.52,12.83,583.69,-1.21,409.56,1327.39,97.053
7/28/2016,56.22897138,4.47,12.72,577.35,-1.27,407.6,1334.96,96.739
7/29/2016,62.9320131,4.41,11.87,578.27,-1.18,408.07,1351.28,95.53
8/1/2016,58.518678,4.37,12.44,583.22,-1.22,406.44,1353.28,95.713
8/2/2016,56.54610549,4.4,13.37,578.75,-1.26,407.67,1364.84,95.064
8/3/2016,56.20091333,4.62,12.86,581.21,-1.27,408.2,1357.57,95.563
8/4/2016,58.54129116,4.68,12.42,586.11,-1.25,408.4,1362.7,95.758
8/5/2016,51.74328952,4.72,11.39,585.89,-1.31,409.46,1336,96.194
8/8/2016,52.5087197,4.94,11.5,589.74,-1.28,410.34,1336.01,96.401
8/9/2016,55.27460112,4.87,11.66,591.31,-1.26,412.56,1340.08,96.183
8/10/2016,58.86478497,4.76,12.05,582.54,-1.22,410.63,1345.01,95.65
8/11/2016,52.26419848,4.87,11.68,584.28,-1.29,410.75,1345.65,95.857
8/12/2016,55.6797296,4.89,11.55,583.05,-1.22,410.91,1335.97,95.722
8/15/2016,52.84635146,4.8,11.81,586.69,-1.24,410.93,1341.5,95.629
8/16/2016,51.10333044,4.69,12.64,585.49,-1.3,410.32,1348.42,94.791
8/17/2016,51.75924104,4.48,12.19,586.01,-1.26,413.69,1344.43,94.718
8/18/2016,55.11151917,4.68,11.43,595.91,-1.23,413.99,1351.03,94.157
8/19/2016,50.8528068,4.76,11.34,594.4,-1.28,412.46,1341.47,94.511
8/22/2016,53.09937691,4.89,12.27,592.35,-1.26,411.58,1339.15,94.519
8/23/2016,53.16328945,4.7,12.38,594.08,-1.25,411.96,1341.29,94.539
8/24/2016,53.39750759,4.6,13.45,592.25,-1.25,411,1327.21,94.786
8/25/2016,50.93673168,4.7,13.63,589.92,-1.25,409.67,1322.15,94.772
8/26/2016,47.51884839,4.69,13.65,591.25,-1.28,406.94,1321.18,95.566
8/29/2016,52.50532819,4.69,12.94,587.77,-1.24,405.47,1323.23,95.58
8/30/2016,52.3472826,4.54,13.12,587.7,-1.24,404.47,1315.24,96.054
8/31/2016,52.90213826,4.46,13.42,584.61,-1.25,402.81,1308.17,96.022
9/1/2016,54.17308705,4.37,13.48,585.4,-1.24,405.43,1313.7,95.653
9/2/2016,51.86973032,4.08,11.98,589.96,-1.27,406.08,1325.21,95.844
9/6/2016,57.60628401,4.13,12.02,606.39,-1.23,406.08,1346.48,94.823
9/7/2016,57.75746696,4.01,11.94,608.32,-1.2,406.45,1344.68,94.956
9/8/2016,50.74274419,4.08,12.51,610.42,-1.26,406.86,1337.11,95.027
9/9/2016,46.26539347,4.08,17.5,599.32,-1.32,404.37,1327.83,95.336
9/12/2016,49.95495084,4.03,15.16,589.98,-1.31,401.39,1321.85,95.095
9/13/2016,45.47484947,4.02,17.85,580.57,-1.37,400.27,1323.09,95.633
9/14/2016,48.58088099,3.98,18.14,573.03,-1.37,400.57,1322.76,95.327
9/15/2016,48.97260727,4.14,16.3,575.17,-1.42,399.77,1316.24,95.288
9/16/2016,49.815931,4.36,15.37,572.27,-1.4,400.44,1310.35,96.108
9/19/2016,49.9071755,4.4,15.53,580.64,-1.4,401.49,1314,95.841
9/20/2016,52.01588457,4.16,15.92,582.33,-1.39,401.89,1314.92,96.019
9/21/2016,55.30015976,4.21,13.3,586.94,-1.44,402.44,1325.94,95.66
9/22/2016,56.12541069,4.42,12.02,596.33,-1.45,403.55,1340.87,95.448
9/23/2016,57.27817854,4.54,12.29,591.78,-1.44,403.2,1337.56,95.477
9/26/2016,59.65650708,4.62,14.5,584.98,-1.34,400.91,1340.22,95.297
9/27/2016,61.91656724,4.43,13.1,587.58,-1.3,402.46,1327.19,95.435
9/28/2016,59.7609997,4.95,12.39,588.95,-1.3,401.75,1321.77,95.431
9/29/2016,62.05206832,5.02,14.02,589.03,-1.3,402.14,1321.98,95.535
9/30/2016,58.93445459,4.96,13.29,574.7,-1.31,402.44,1315.87,95.463
10/3/2016,57.03301105,5.31,13.57,577.6,-1.31,401.86,1311.16,95.695
10/4/2016,52.61344292,5.21,13.63,573.28,-1.36,401.71,1271.16,96.169
10/5/2016,51.12222302,5.48,12.99,579.43,-1.4,402.45,1262.71,96.125
10/6/2016,51.46278739,5.86,12.84,580.19,-1.42,401.83,1252.67,96.765
10/7/2016,54.14709875,5.69,13.48,571.25,-1.4,401.76,1257.08,96.632
10/10/2016,54.12648877,5.66,13.38,574.71,-1.41,402.48,1258.04,96.929
10/11/2016,52.89354139,5.43,15.36,565.96,-1.42,401.19,1256.14,97.69
10/12/2016,51.64974504,5.52,15.91,564.83,-1.42,400.44,1252.04,97.966
10/13/2016,56.52758796,5.65,16.69,566.09,-1.45,399.5,1256.09,97.516
10/14/2016,53.19055081,5.81,16.12,570.59,-1.48,399.45,1251.03,98.019
10/17/2016,55.65485099,5.87,16.21,569.23,-1.43,400.15,1256.22,97.888
10/18/2016,57.78338907,5.95,15.28,574.81,-1.41,400.04,1262.62,97.895
10/19/2016,58.96524604,5.67,14.41,577.26,-1.41,399.74,1269.5,97.92
10/20/2016,58.21549563,5.58,13.75,575.45,-1.41,398.82,1266.35,98.315
10/21/2016,60.35166395,5.89,13.34,571.55,-1.4,398.7,1266.46,98.695
10/24/2016,58.26003429,5.81,13.02,570.27,-1.44,399.63,1263.7,98.756
10/25/2016,58.31327052,5.81,13.46,565.5,-1.43,401.22,1272.09,98.719
10/26/2016,56.74961948,5.94,14.24,564.72,-1.46,402.6,1266.53,98.629
10/27/2016,53.17308971,5.81,15.36,561.34,-1.55,402.92,1268.95,98.888
10/28/2016,52.86904919,5.88,16.19,557.15,-1.56,403.39,1275.47,98.348
10/31/2016,54.02327751,5.9,17.06,557.95,-1.5,403.58,1273.76,98.445
11/1/2016,56.82562757,6.03,18.56,550.2,-1.48,403.57,1288.7,97.699
11/2/2016,58.01204691,6.24,19.32,540.23,-1.44,404.75,1305.22,97.398
11/3/2016,56.29315233,6.5,22.08,530.55,-1.44,404.57,1300.63,97.157
11/4/2016,58.78202343,6.41,22.51,529.63,-1.41,404.73,1305.06,97.065
11/7/2016,55.39538019,6.23,18.71,541.65,-1.42,405.03,1282.39,97.781
11/8/2016,51.48905174,6.15,18.74,542.41,-1.45,407.73,1277.03,97.861
11/9/2016,39.44774624,6.13,14.38,516.14,-1.62,410.01,1276.14,98.504
11/10/2016,37.55262962,5.92,14.74,505.99,-1.67,412.41,1266.84,98.785
11/11/2016,38.94361134,5.67,14.17,500.66,-1.675,412.73,1227.64,99.06
11/14/2016,41.3928822,5.41,14.48,496.28,-1.68,411.16,1226.96,100.11
11/15/2016,43.52298639,5.74,13.37,500.96,-1.72,411.59,1226.63,100.23
11/16/2016,47.07969553,5.55,13.72,500.7,-1.75,411.48,1226.56,100.41
11/17/2016,42.94936198,5.9,13.35,499.8,-1.85,413,1220.52,100.89
11/18/2016,40.98461954,5.58,12.85,498.45,-1.9,412.41,1207.89,101.21
11/21/2016,44.63329453,5.48,12.42,498.08,-1.87,414.15,1212.33,101.05
11/22/2016,46.54432721,5.51,12.41,502.14,-1.82,414.77,1212.46,101.04
11/23/2016,47.04096079,5.39,12.43,505.05,-1.85,416.96,1191.21,101.7
11/25/2016,47.00868367,5,12.34,508.9,-1.87,417.22,1183.56,101.49
11/28/2016,50.9819463,4.74,13.15,511.98,-1.84,417.61,1189.32,101.33
11/29/2016,56.1831483,4.56,12.9,506.71,-1.82,418.23,1187.22,100.93
11/30/2016,54.47448873,4.58,13.33,506.23,-1.89,420.96,1174.94,101.5
12/1/2016,50.52682854,4.46,14.07,502.16,-1.97,420.83,1166.67,101.04
12/2/2016,55.01012193,4.3,14.12,498.41,-1.91,421.92,1177.43,100.77
12/5/2016,53.85293318,4.37,12.14,502.31,-1.9,421.99,1174.25,100.09
12/6/2016,50.37275822,4.5,11.79,503.35,-1.9,423.27,1168.19,100.49
12/7/2016,46.3920035,4.3,12.22,512.11,-1.82,423.37,1175.7,100.23
12/8/2016,41.81239742,4.61,12.64,511.86,-1.89,424.23,1171.19,101.1
12/9/2016,35.03024197,4.46,11.75,510.15,-1.93,427.07,1159.86,101.59
12/12/2016,35.03690563,4.87,12.64,509.14,-1.98,424.9,1165.02,101.03
12/13/2016,35.66319147,4.79,12.72,513.01,-1.94,425.42,1156.94,101.07
12/14/2016,30.38360179,5.01,13.19,505.42,-1.99,425.84,1161.61,101.76
12/15/2016,30.62598588,4.84,12.79,498.13,-2.09,426.32,1128.72,103.02
12/16/2016,30.70800203,4.93,12.2,497.8,-2.09,427.09,1134.88,102.95
12/19/2016,36.12327078,5.09,11.71,503.05,-2.02,426.31,1140.27,103.14
12/20/2016,32.73084526,5.23,11.45,500.04,-2.05,424.03,1132.53,103.29
12/21/2016,33.4273482,5.8,11.27,497.96,-2.03,423.55,1132.29,103.02
12/22/2016,32.90761956,6.07,11.43,499.49,-2.04,422.88,1129.16,103.09
12/23/2016,31.53310408,6.22,11.44,498.79,-2.03,423.18,1133.3,103.01
12/27/2016,30.68297089,6.32,11.99,504.34,-2.06,425.76,1137.42,103.02
12/28/2016,32.2620511,6.32,12.95,502.82,-1.98,424.34,1138.61,103.3
12/29/2016,32.50817285,6.34,13.37,504.43,-2.02,422.42,1156.01,102.68
12/30/2016,36.28699643,6.54,14.04,507.02,-1.94,423.08,1147.5,102.21
1/3/2017,35.85982748,5.41,12.85,511.28,-1.92,423.56,1162.11,103.21
1/4/2017,33.58068837,5.7,11.85,517.66,-1.93,424.14,1165.01,102.7
1/5/2017,40.10160008,5.27,11.67,521.64,-1.85,424.2,1182.09,101.52
1/6/2017,33.52448272,5.03,11.32,521.04,-1.89,425.39,1172.63,102.22
1/9/2017,37.45163309,5.25,11.56,521.8,-1.88,429.45,1182.86,101.93
1/10/2017,36.40291833,5.49,11.49,523.44,-1.86,431.72,1184.36,102.01
1/11/2017,34.04914454,5.51,11.26,526.98,-1.86,433.06,1188.83,101.78
1/12/2017,32.48900187,5.03,11.54,529.29,-1.84,433.94,1200.25,101.35
1/13/2017,28.78147877,5.03,11.23,529.1,-1.87,433.87,1197.34,101.18
1/17/2017,34.3134746,4.99,11.87,533.49,-1.78,432.38,1213.29,100.33
1/18/2017,26.19113758,4.83,12.48,534.29,-1.89,432.55,1212.75,100.93
1/19/2017,26.5263017,5.19,12.78,529.78,-1.95,431.81,1200.15,101.15
1/20/2017,29.31673098,5.42,11.54,530.17,-1.98,432.75,1210.32,100.74
1/23/2017,36.53404754,5.31,11.77,531.21,-1.9,432.85,1215.2,100.16
1/24/2017,31.75121769,5.07,11.07,530.14,-1.96,433.15,1212.73,100.35
1/25/2017,26.26475749,4.97,10.81,534.1,-2.03,433.1,1197.83,100.03
1/26/2017,29.62198397,5.19,10.63,532.8,-2,432.39,1187.05,100.38
1/27/2017,30.98868075,4.91,10.58,531.75,-1.97,432.79,1191.2,100.53
1/30/2017,30.64122854,5.34,11.88,525.36,-1.98,430.98,1197.29,100.43
1/31/2017,33.35605519,5.69,11.99,528.83,-1.93,432.47,1210.59,99.512
2/1/2017,31.33018821,5.61,11.81,533.65,-1.97,435.61,1204.74,99.641
2/2/2017,30.60771858,5.56,11.93,534.36,-1.96,435.04,1215.5,99.79
2/3/2017,29.71136346,5.49,10.97,536.58,-1.98,432.95,1220.3,99.868
2/6/2017,34.90081799,5.43,11.37,533.11,-1.89,432.75,1230.8,99.907
2/7/2017,36.46422275,5.5,11.29,531.46,-1.87,432.69,1234.75,100.26
2/8/2017,39.76310387,5.55,11.45,535.61,-1.8,434.34,1242.7,100.28
2/9/2017,34.60683974,5.62,10.88,536.13,-1.86,433.83,1233.4,100.65
2/10/2017,33.35430693,5.45,10.85,542.29,-1.86,433.64,1233.62,100.8
2/13/2017,33.39504046,5.24,11.07,548.34,-1.91,434.57,1224.03,100.96
2/14/2017,31.58722363,5.48,10.74,550.19,-1.93,435.07,1224.01,101.25
2/15/2017,29.65752168,5.42,11.97,555.57,-1.97,436.88,1231.06,101.18
2/16/2017,35.41464886,5.28,11.76,557.2,-1.92,434.9,1238.89,100.44
2/17/2017,36.37671484,5.31,11.49,556.49,-1.89,432.94,1234.6,100.95
2/21/2017,35.75613867,5.39,11.57,564.14,-1.9,433.41,1238.22,101.37
2/22/2017,34.26248404,5.41,11.74,561.01,-1.9,433.27,1233.87,101.22
2/23/2017,37.07440234,5.7,11.71,559.99,-1.87,431.95,1249.48,101.05
2/24/2017,39.26472637,5.73,11.47,555.15,-1.79,431.92,1257.19,101.09
2/27/2017,36.35042415,5.53,12.09,554.11,-1.86,431.02,1260.36,101.13
2/28/2017,35.78304656,5.57,12.92,552.62,-1.83,432.61,1256.37,101.12
3/1/2017,29.93306591,6.26,12.54,554.85,-1.83,435.59,1247.05,101.78
3/2/2017,27.7040194,5.81,11.81,552.92,-1.82,433.97,1233.86,102.2
3/3/2017,29.79239356,5.94,10.96,552.03,-1.78,434.42,1234.81,101.54
3/6/2017,30.71414029,5.83,11.24,550.25,-1.75,433.73,1226.15,101.64
3/7/2017,28.78984745,5.72,11.45,551.58,-1.76,432.65,1217.94,101.81
3/8/2017,25.83518448,5.58,11.86,550.46,-1.84,431.68,1207.8,102.07
3/9/2017,23.10470406,5.46,12.3,544.61,-1.87,433.16,1204.09,101.85
3/10/2017,25.35502997,5.51,11.66,545.6,-1.83,431.69,1204.64,101.25
3/13/2017,23.54921827,5.5,11.35,550.77,-1.83,431.72,1203.82,101.31
3/14/2017,26.29024282,5.45,12.3,548.93,-1.82,432.81,1203.24,101.7
3/15/2017,33.98637075,5.54,11.63,550.89,-1.78,432.42,1201.89,100.74
3/16/2017,30.85613162,5.49,11.21,558.29,-1.8,433.92,1226.71,100.36
3/17/2017,32.021292,5.48,11.28,558.62,-1.77,434.19,1229.26,100.3
3/20/2017,34.12903592,5.33,11.34,555.05,-1.71,434.8,1233.93,100.41
3/21/2017,35.49912312,5.28,12.47,546.84,-1.66,434.61,1247.22,99.813
3/22/2017,36.31098213,5.31,12.81,540.33,-1.63,434.46,1251.21,99.677
3/23/2017,33.10798622,5.32,13.12,540.42,-1.65,433.99,1246.48,99.76
3/24/2017,33.92029038,5.11,12.96,542.12,-1.62,431.88,1243.57,99.627
3/27/2017,33.6264934,4.97,12.5,541.44,-1.6,430.89,1253.9,99.166
3/28/2017,28.49227194,5.08,11.53,545.89,-1.64,432.26,1254.45,99.712
3/29/2017,31.4542542,5.11,11.42,546.47,-1.61,431.88,1252.48,99.998
3/30/2017,27.56707722,5.27,11.54,542.93,-1.64,431.6,1247.63,100.41
3/31/2017,29.63557444,5.04,12.37,544.61,-1.64,430.99,1249.2,100.35
4/3/2017,34.60865999,5.21,12.38,543.71,-1.56,429.7,1252.47,100.54
4/4/2017,32.96989958,4.98,11.79,545.21,-1.57,428.91,1256.13,100.54
4/5/2017,34.81215567,5.18,12.89,541.09,-1.54,429.28,1245.89,100.56
4/6/2017,32.76078003,5.43,12.39,542.33,-1.55,428.57,1252.74,100.67
4/7/2017,26.91564003,5.25,12.87,541.97,-1.56,427.37,1254.53,101.18
4/10/2017,29.12891422,5.15,14.05,543.73,-1.55,424.21,1253.57,101.02
4/11/2017,30.93176116,5.24,15.07,545.6,-1.5,423.73,1271.32,100.71
4/12/2017,34.41527008,5.31,15.77,543.4,-1.47,422.82,1275.75,100.78
4/13/2017,37.3517988,5.32,15.96,539.36,-1.43,422.39,1286.72,100.49
4/17/2017,34.94912233,5.28,14.66,544.35,-1.43,422.48,1289.39,100.29
4/18/2017,40.47469483,5.24,14.42,541.33,-1.36,421.42,1291.51,99.499
4/19/2017,35.74847698,5.22,14.93,538.42,-1.4,421.9,1282.14,99.738
4/20/2017,34.59372132,5.12,14.15,538.34,-1.45,420.85,1280.78,99.778
4/21/2017,34.17523699,4.94,14.63,534.72,-1.45,421.11,1284.44,99.977
4/24/2017,32.43698411,5.02,10.84,540.69,-1.47,420.34,1274.95,99.092
4/25/2017,27.50160619,4.87,10.76,544.17,-1.53,421.21,1264.74,98.785
4/26/2017,30.54945894,4.98,10.85,541.97,-1.49,422.18,1262.79,99.045
4/27/2017,32.59604089,4.93,10.36,537.64,-1.49,422.84,1265.06,99.076
4/28/2017,32.68666155,4.94,10.82,540.52,-1.49,424.54,1268.28,99.05
5/1/2017,29.90740541,4.57,10.11,543.36,-1.5,427.14,1256.34,99.077
5/2/2017,34.72504807,4.81,10.59,547.7,-1.47,427.7,1255.54,98.976
5/3/2017,28.57582301,4.77,10.68,549.05,-1.48,427.92,1247.99,99.209
5/4/2017,28.26519644,4.87,10.46,544.01,-1.5,427.96,1230.24,98.797
5/5/2017,28.38876905,4.94,10.57,549.97,-1.46,427.39,1228.01,98.648
5/8/2017,25.37944773,4.79,9.77,547.21,-1.48,427.28,1227.22,99.06
5/9/2017,21.42114744,4.89,9.96,550.18,-1.51,422.07,1217.27,99.658
5/10/2017,19.60373477,4.82,10.21,551.76,-1.51,422.63,1220.53,99.669
5/11/2017,20.13258785,4.72,10.6,548.28,-1.5,424.56,1225.07,99.623
5/12/2017,24.83387566,4.83,10.4,548.81,-1.45,426.78,1228.43,99.252
5/15/2017,24.3447678,4.76,10.42,553.46,-1.44,434.58,1231.76,98.911
5/16/2017,23.74569545,4.91,10.65,554.12,-1.43,435.29,1236.49,98.105
5/17/2017,29.86504093,4.95,15.59,547.45,-1.32,434.33,1256.44,97.575
5/18/2017,28.81959521,5.13,14.66,537.08,-1.3,433.45,1254.52,97.879
5/19/2017,29.1230249,5.22,12.04,543.3,-1.31,433.12,1255.93,97.142
5/22/2017,27.05076743,5.29,10.93,544.34,-1.32,433.79,1260.63,96.984
5/23/2017,20.75656918,5.13,10.72,546.1,-1.37,433.55,1253.64,97.351
5/24/2017,24.60273195,5.3,10.02,550.35,-1.33,434.29,1252.07,97.238
5/25/2017,24.83382607,5.37,9.99,552.51,-1.31,434.27,1256.56,97.248
5/26/2017,23.84884669,5.58,9.81,549.88,-1.31,433.74,1267.2,97.442
5/30/2017,26.4787153,5.53,10.38,550.81,-1.28,431.54,1262.34,97.28
5/31/2017,24.7303076,5.35,10.41,548.81,-1.23,434.2,1269.86,96.922
6/1/2017,24.21712722,5.45,9.89,549.41,-1.23,434.39,1263.91,97.198
6/2/2017,28.95974598,5.54,9.75,549.54,-1.17,435.83,1279.17,96.715
6/5/2017,26.19516109,5.55,10.07,547.99,-1.22,435.38,1279.17,96.799
6/6/2017,28.30371597,5.35,10.45,549.73,-1.17,435.48,1293.06,96.636
6/7/2017,24.6450194,5.26,10.39,545.73,-1.18,435.34,1290.95,96.748
6/8/2017,23.94409281,5.43,10.16,545.35,-1.18,436.78,1276.82,96.918
6/9/2017,23.19248126,5.42,10.7,542.22,-1.2,440.53,1266.76,97.274
6/12/2017,23.31789972,5.3,11.46,540.16,-1.23,440.25,1267.1,97.138
6/13/2017,23.3987168,5.4,10.42,541.35,-1.21,442.37,1265.17,96.975
6/14/2017,26.73036523,5.32,10.64,542.51,-1.14,441.98,1275.71,96.939
6/15/2017,27.12208907,5.33,10.9,536.57,-1.14,443.07,1253.16,97.433
6/16/2017,27.32060369,5.26,10.38,536.58,-1.13,442.91,1253.73,97.164
6/19/2017,24.24352801,5.31,10.37,539.99,-1.17,441.38,1247.16,97.548
6/20/2017,26.63447165,5.35,10.86,535.16,-1.15,442.95,1243.81,97.76
6/21/2017,26.11606799,5.26,10.75,536.83,-1.17,442.35,1245.46,97.559
6/22/2017,28.61361418,5.25,10.48,542.88,-1.19,440.11,1250.92,97.593
6/23/2017,28.44503124,5.25,10.02,546.03,-1.18,439.59,1256.71,97.264
6/26/2017,28.88181336,5.16,9.9,549.32,-1.15,440.04,1243.97,97.426
6/27/2017,23.51341385,5.33,11.06,546.47,-1.21,441.2,1246.82,96.394
6/28/2017,25.05738226,5.33,10.03,549.11,-1.2,442.12,1249.51,96.01
6/29/2017,23.0390565,5.46,11.44,545.4,-1.23,444.05,1245.88,95.628
6/30/2017,20.15857831,5.42,11.18,548.03,-1.28,446.63,1241.61,95.628
7/3/2017,17.61253628,5.53,11.22,549.03,-1.29,448.16,1220.28,96.218
7/5/2017,20.3525271,5.43,11.07,545,-1.28,447.7,1223.3,96.29
7/6/2017,16.11093407,5.63,12.54,546.6,-1.33,446.32,1223.61,95.802
7/7/2017,15.72491098,5.74,11.19,545.7,-1.34,445.54,1212.46,96.008
7/10/2017,16.5797164,5.8,11.11,547.51,-1.34,446.91,1211.89,96.022
7/11/2017,18.00237584,5.73,10.89,547.54,-1.32,445.64,1215.86,95.669
7/12/2017,20.80222172,5.88,10.3,554.87,-1.28,444.09,1221.43,95.761
7/13/2017,18.60820664,5.76,9.9,555.46,-1.3,442.09,1218.05,95.728
7/14/2017,18.53172639,5.82,9.51,561.99,-1.29,443.91,1228.7,95.153
7/17/2017,20.12258573,5.82,9.82,562.92,-1.24,443.95,1234.34,95.128
7/18/2017,21.30217092,5.85,9.89,567.76,-1.2,444.94,1242.18,94.604
7/19/2017,20.59724098,5.84,9.79,575.25,-1.16,444.75,1242.42,94.779
7/20/2017,19.4251227,5.75,9.58,577.77,-1.12,445.36,1246.34,94.306
7/21/2017,21.03050711,5.6,9.36,575.3,-1.08,442.35,1254.98,93.858
7/24/2017,18.68866645,5.64,9.43,576.05,-1.09,441.25,1255.2,93.977
7/25/2017,12.84465888,5.67,9.43,575.75,-1.15,440.73,1251.1,94.054
7/26/2017,17.46760008,5.76,9.6,577.4,-1.16,441.56,1248.21,93.672
7/27/2017,14.21019702,5.65,10.11,572.1,-1.21,442.32,1259.18,93.864
7/28/2017,16.7867984,5.69,10.29,576.79,-1.22,442.86,1269.64,93.259
7/31/2017,15.49385173,5.73,10.26,578.03,-1.23,441.74,1267.9,92.863
8/1/2017,19.41769842,5.8,10.09,578.84,-1.18,441.28,1272.86,93.043
8/2/2017,19.25032897,5.93,10.28,577.44,-1.19,442.27,1272.15,92.836
8/3/2017,21.45189773,5.94,10.44,580.16,-1.16,441.65,1268.07,92.839
8/4/2017,18.77194555,5.86,10.03,581.92,-1.19,441.58,1258.88,93.542
8/7/2017,19.09679067,5.77,9.93,587.99,-1.24,442.67,1259.07,93.432
8/8/2017,16.06128614,5.77,10.96,585.72,-1.23,443.92,1256.26,93.647
8/9/2017,20.16330779,5.92,11.11,582,-1.18,444.3,1272.9,93.548
8/10/2017,22.08305395,5.96,16.04,573.78,-1.15,441.34,1284.32,93.401
8/11/2017,23.21737211,5.99,15.51,573.48,-1.16,440.97,1289.31,93.069
8/14/2017,19.90475463,6.12,12.33,578.22,-1.2,440.23,1285.19,93.411
8/15/2017,17.48084676,6.13,12.04,579.24,-1.23,437.81,1273.88,93.853
8/16/2017,20.75932937,6.39,11.74,581.31,-1.21,438.42,1274.79,93.541
8/17/2017,24.20693043,6.41,15.55,572.44,-1.19,438.54,1287.03,93.622
8/18/2017,23.2688408,6.41,14.26,576.5,-1.17,437.81,1284.13,93.434
8/21/2017,24.4218671,6.34,13.19,570.18,-1.18,436.94,1291.55,93.095
8/22/2017,20.36395217,6.37,11.35,574.35,-1.22,436.17,1286.31,93.545
8/23/2017,25.3252574,6.54,12.25,575.44,-1.17,436.37,1287.67,93.147
8/24/2017,23.18420023,6.55,12.23,577.67,-1.17,436.33,1287.36,93.277
8/25/2017,24.37558951,6.69,11.28,577.64,-1.14,435.38,1291.35,92.74
8/28/2017,26.05823115,6.7,11.32,578.51,-1.18,435.64,1307.52,92.207
8/29/2017,27.42088365,6.64,11.7,579.58,-1.1,434.84,1314.19,92.249
8/30/2017,27.02510672,6.62,11.22,580.11,-1.12,435.47,1308.34,92.884
8/31/2017,29.23842697,6.54,10.59,580.91,-1.11,435.64,1316.96,92.668
9/1/2017,26.11938334,6.43,10.13,581.8,-1.14,435.55,1325.23,92.814
9/5/2017,32.41246653,7,12.23,580.34,-1.04,436.21,1337.67,92.252
9/6/2017,29.59672538,7.19,11.63,580.18,-1.03,436.74,1333.32,92.29
9/7/2017,33.67074658,7.4,11.55,583.08,-1,435.66,1342.95,91.663
9/8/2017,33.08835375,7.56,12.12,580.37,-1.02,434.13,1346.59,91.352
9/11/2017,26.0357939,7.37,10.73,584.76,-1.09,433.65,1333.51,91.875
9/12/2017,24.59860105,7.36,10.58,586.15,-1.14,432.05,1328.3,91.882
9/13/2017,21.99144355,7.6,10.5,582.66,-1.16,429.9,1321.62,92.52
9/14/2017,23.49216432,7.6,10.44,588.97,-1.15,428.96,1324.84,92.124
9/15/2017,24.76989574,7.44,10.17,588.12,-1.15,427.9,1320.19,91.872
9/18/2017,22.73932054,7.22,10.15,585.72,-1.18,427.42,1306.73,92.047
9/19/2017,22.13160419,7.52,10.18,586.77,-1.2,428.84,1306.66,91.793
9/20/2017,19.23501757,7.4,9.78,587.51,-1.24,429.25,1313.33,92.508
9/21/2017,20.56023496,7.05,9.67,584.14,-1.23,429.68,1293.31,92.259
9/22/2017,20.90233363,7.14,9.59,585.27,-1.23,428.88,1297.3,92.171
9/25/2017,25.72609512,7.78,10.21,573.31,-1.17,428.97,1310.18,92.648
9/26/2017,23.68167948,7.51,10.17,570.49,-1.18,427.59,1296.76,92.966
9/27/2017,19.44712468,7.46,9.87,573.91,-1.24,428.98,1285.79,93.361
9/28/2017,20.71847071,7.48,9.55,571.14,-1.25,427.96,1287.43,93.085
9/29/2017,18.86942979,7.59,9.51,570.4,-1.27,427.32,1279.75,93.076
10/2/2017,18.39513659,7.46,9.45,573.55,-1.33,426.48,1274.42,93.559
10/3/2017,19.73656153,7.52,9.51,579.78,-1.26,427.87,1273.21,93.569
10/4/2017,19.74301469,7.44,9.63,579.83,-1.25,429.02,1273.76,93.458
10/5/2017,18.22099138,7.42,9.19,579.95,-1.28,430.41,1272.51,93.961
10/6/2017,16.85618659,7.52,9.65,580.98,-1.3,429.84,1276.68,93.8
10/9/2017,17.81754524,7.48,10.33,577.04,-1.285,427.02,1281.4,93.675
10/10/2017,18.86472188,7.87,10.08,581.93,-1.27,427.94,1290.4,93.29
10/11/2017,18.0854776,7.85,9.85,582.8,-1.25,429.02,1286.19,93.015
10/12/2017,18.48994662,7.87,9.91,586.27,-1.24,429.24,1293.31,93.057
10/13/2017,22.14221166,7.78,9.61,587.61,-1.19,430.29,1303.82,93.091
10/16/2017,19.07875878,7.78,9.91,584.04,-1.2,430.91,1303.65,93.312
10/17/2017,18.0271331,7.84,10.31,588.05,-1.21,431.47,1285.09,93.486
10/18/2017,14.49168118,8.24,10.07,588.48,-1.25,428.18,1281.17,93.363
10/19/2017,14.8037056,8.08,10.05,585.14,-1.23,428.61,1287.76,93.266
10/20/2017,10.01114616,8,9.97,585.64,-1.28,427.78,1280.47,93.701
10/23/2017,12.24354948,7.87,11.07,586.19,-1.29,429.68,1281.04,93.936
10/24/2017,8.570467329,7.91,11.16,582.15,-1.3,429.32,1276.52,93.772
10/25/2017,8.849367028,7.84,11.23,581.37,-1.32,429.95,1278.31,93.711
10/26/2017,8.395323584,7.64,11.3,584.83,-1.35,429.86,1270.46,94.612
10/27/2017,12.57270858,7.61,9.8,592.01,-1.32,428.19,1273.35,94.916
10/30/2017,16.72140779,7.58,10.5,594.67,-1.25,428.23,1276.74,94.56
10/31/2017,15.10532474,7.81,10.18,594.21,-1.23,427.62,1270.34,94.552
11/1/2017,17.08647977,7.95,10.2,594.07,-1.19,428.81,1276.04,94.815
11/2/2017,16.93855452,8.1,9.93,595.75,-1.18,431.66,1277.18,94.685
11/3/2017,17.68836483,8.32,9.14,590.71,-1.16,429.29,1269.91,94.941
11/6/2017,18.92341886,8.36,9.4,595.8,-1.13,430.02,1280.99,94.757
11/7/2017,17.61832388,8.22,9.89,586.89,-1.1,430.64,1275.04,94.913
11/8/2017,16.59875126,8.18,9.78,592.15,-1.09,431.71,1284.66,94.866
11/9/2017,15.62036057,8.01,10.5,583.05,-1.09,431.14,1286.95,94.444
11/10/2017,11.42776016,7.86,11.29,579.42,-1.17,431.36,1275.07,94.391
11/13/2017,12.73476986,7.81,11.5,578.62,-1.16,431.51,1279.08,94.49
11/14/2017,15.05523726,7.85,11.59,576.93,-1.12,430.37,1281.11,93.827
11/15/2017,19.61618357,8.15,13.13,572.75,-1.08,429.39,1277.88,93.813
11/16/2017,16.25952123,7.95,11.76,577.19,-1.1,428.53,1280.39,93.932
11/17/2017,18.8352586,7.93,11.43,572.54,-1.06,428.42,1292.42,93.662
11/20/2017,17.82781281,7.9,10.65,571.98,-1.07,427.88,1276.55,94.08
11/21/2017,19.60695229,7.85,9.73,570.04,-1.06,428.15,1282.39,93.952
11/22/2017,23.4942476,7.83,9.88,573.16,-1.03,431.15,1291.09,93.22
11/24/2017,23.48682702,8.21,9.67,575.1,-1.05,432.69,1288.37,92.782
11/27/2017,27.04331005,8.15,9.87,569.21,-1.05,430.95,1295.62,92.904
11/28/2017,27.59586776,8.04,10.03,575.86,-1.04,428.99,1294.56,93.27
11/29/2017,27.30132959,8.14,10.7,569.04,-1.08,429.27,1282.7,93.164
11/30/2017,21.65144339,7.97,11.28,568.7,-1.15,429.43,1271.72,93.047
12/1/2017,23.17052365,8.13,11.43,564.64,-1.1,430.78,1280.62,92.885
12/4/2017,20.8464127,8,11.68,554.99,-1.08,430.4,1273.7,93.188
12/5/2017,19.03621897,7.87,11.33,555.07,-1.06,428.82,1264.1,93.379
12/6/2017,15.8939738,7.72,11.02,552.73,-1.03,427.97,1264.54,93.61
12/7/2017,12.6463369,7.79,10.16,560.86,-1.08,427.19,1251.98,93.795
12/8/2017,14.17179926,7.58,9.58,567.85,-1.1,431.46,1248.49,93.901
12/11/2017,15.61940618,7.64,9.34,570.95,-1.06,429.04,1245.77,93.866
12/12/2017,15.72517352,7.61,9.92,568.09,-1.06,428.77,1239.21,94.101
12/13/2017,18.88175244,7.55,10.18,571.74,-1.06,429,1245.83,93.429
12/14/2017,18.99106174,7.56,10.49,574.99,-1.03,429.73,1254.59,93.489
12/15/2017,19.11011014,7.65,9.42,577.32,-1.04,430.42,1256.44,93.932
12/18/2017,16.7406794,7.86,9.53,584.72,-1.01,430.16,1263.18,93.695
12/19/2017,13.08667873,7.97,10.03,580.63,-1.09,430.59,1259.92,93.441
12/20/2017,12.26731783,8.24,9.72,583.29,-1.11,430.91,1266.73,93.313
12/21/2017,13.61311407,8.45,9.62,590.54,-1.13,431.28,1267.22,93.278
12/22/2017,12.96731604,8.62,9.9,591.14,-1.15,431.71,1274.16,93.347
12/26/2017,12.77877231,8.61,10.25,591.29,-1,432.65,1283.12,93.257
12/27/2017,15.71033299,8.6,10.47,596.64,-0.98,431.77,1287.18,93.025
12/28/2017,13.14277015,8.64,10.18,598.26,-1.04,432.22,1294.21,92.602
12/29/2017,15.34940982,8.6,11.04,599.29,-1.01,432.34,1302.8,92.124
1/2/2018,23.31730511,8.22,9.77,607.52,-2.38,433.72,1312.52,91.872
1/3/2018,22.61754725,8.24,9.15,606.22,-2.37,435.27,1315.87,92.162
1/4/2018,21.83951534,8.18,9.22,601.25,-2.38,436.56,1319.74,91.853
1/5/2018,21.07677157,8.19,9.22,604.79,-2.4,436.5,1319.59,91.949
1/8/2018,19.56935083,8.07,9.52,613.18,-2.41,436.79,1318.22,92.358
1/9/2018,17.16261065,8.19,10.08,610.54,-2.46,439.83,1311.86,92.528
1/10/2018,20.88706601,8.28,9.82,610.59,-2.47,441.15,1317.89,92.332
1/11/2018,20.36886449,8.21,9.88,622.11,-2.46,441.41,1322.31,91.852
1/12/2018,18.49116976,8.26,10.16,619.74,-2.48,439.79,1331.93,90.974
1/16/2018,18.51113122,8.45,11.66,617.15,-2.48,438.88,1334.75,90.393
1/17/2018,15.00242096,8.58,11.91,615.93,-2.51,437.96,1335.96,90.541
1/18/2018,11.41710351,8.89,12.22,616.37,-2.55,436.95,1329.14,90.498
1/19/2018,11.04220956,9.25,11.27,616.52,-2.57,437.02,1331.84,90.572
1/22/2018,9.539291512,9.31,11.03,617.53,-2.59,438.39,1332.18,90.401
1/23/2018,12.69708022,9.57,11.1,616.35,-2.55,437.32,1337.75,90.124
1/24/2018,14.15917542,10.02,11.47,613.15,-2.57,438.83,1353.9,89.206
1/25/2018,15.32808568,9.82,11.58,616.22,-2.55,439.04,1362.81,89.391
1/26/2018,12.93123874,9.67,11.08,615.11,-2.6,439.95,1349.12,89.067
1/29/2018,11.20408094,9.58,13.84,616.21,-2.63,441.54,1341.76,89.308
1/30/2018,13.13147708,9.46,14.79,615.98,-2.65,442.85,1338.68,89.16
1/31/2018,14.5733412,9.85,13.54,616.53,-2.66,443.44,1339.79,89.133
2/1/2018,10.02324082,9.85,13.47,612.62,-2.72,443.38,1341.57,88.671
2/2/2018,12.44020197,9.53,17.31,602.94,-2.76,443.46,1333.39,89.195
2/5/2018,19.01379662,9.63,37.32,589.12,-2.68,442.6,1334.95,89.554
2/6/2018,14.37162897,9.36,29.98,580.15,-2.7,443.15,1327.82,89.585
2/7/2018,10.55287333,9.56,27.73,582.43,-2.75,442.03,1315.97,90.255
2/8/2018,12.04740812,9.69,33.46,572.41,-2.76,440.88,1319.97,90.229
2/9/2018,15.3281024,9.79,29.06,569.71,-2.72,438.4,1316.65,90.442
2/12/2018,12.61038415,10.05,25.61,577,-2.77,439.26,1324.78,90.208
2/13/2018,14.31945391,10.52,24.97,584.41,-2.74,439.5,1327.42,89.703
2/14/2018,6.64417937,10.22,19.26,591.55,-2.84,441.07,1349.23,89.121
2/15/2018,7.262726242,10.16,19.13,604.12,-2.83,440.89,1351.36,88.593
2/16/2018,7.670186515,10.13,19.46,606.54,-2.81,441.92,1346.96,89.1
2/20/2018,8.526974354,10.34,20.6,607.68,-2.81,441.18,1329.53,89.716
2/21/2018,4.895619589,10.18,20.02,609.13,-2.86,442.13,1329.71,90
2/22/2018,7.468835834,10.34,18.72,608.06,-2.84,442.46,1330.11,89.736
2/23/2018,10.22019595,10.43,16.49,607.66,-2.79,442.97,1328.71,89.883
2/26/2018,12.14440009,10.25,15.8,612.73,-2.77,444.32,1332.46,89.853
2/27/2018,7.778519125,10.77,18.59,607.16,-2.83,443.28,1315.61,90.355
2/28/2018,9.902771607,10.73,19.85,602.44,-2.8,443.89,1319.32,90.613
3/1/2018,14.87416073,10.62,22.47,599.67,-2.74,444.22,1309.82,90.324
3/2/2018,10.55295523,10.77,19.59,599.09,-2.79,444.11,1322.75,89.935
3/5/2018,8.355583834,10.99,18.73,599.67,-2.81,445.59,1319.33,90.08
3/6/2018,7.954973951,11.1,18.36,606.35,-2.81,445.12,1332.94,89.618
3/7/2018,7.671663204,11.27,17.76,604.38,-2.81,444.58,1325.83,89.637
3/8/2018,10.66185189,11.75,16.54,607.35,-2.79,447.07,1321.86,90.179
3/9/2018,7.026112311,11.79,14.64,611.02,-2.82,445.18,1323.93,90.093
3/12/2018,11.52254611,11.76,15.78,615.95,-2.79,445.49,1320.61,89.895
3/13/2018,14.68672692,12.11,16.35,615.96,-2.77,446.61,1326.78,89.664
3/14/2018,14.8475216,11.79,17.23,617.47,-2.75,446.2,1324.79,89.704
3/15/2018,14.71262539,11.74,16.59,614.34,-2.76,445.49,1319.3,90.139
3/16/2018,12.39674176,11.73,15.8,611.72,-2.78,443.61,1314.24,90.233
3/19/2018,11.72740559,11.62,19.02,615.11,-2.78,441.07,1318.06,89.765
3/20/2018,7.179019762,12.11,18.2,618.61,-2.82,440.16,1312.36,90.371
3/21/2018,10.13023242,13.27,17.86,621.16,-2.82,440.42,1323.6,89.783
3/22/2018,15.13742342,12.96,23.34,613.13,-2.76,439.3,1326.9,89.857
3/23/2018,16.01928023,13.23,24.87,606.12,-2.74,439.02,1347.33,89.436
3/26/2018,13.51920783,13.61,21.03,619.5,-2.78,437.22,1355.42,89.027
3/27/2018,19.98252096,14.38,22.5,617.38,-2.7,436.14,1345.05,89.372
3/28/2018,15.64912616,13.75,22.87,605.28,-2.72,436.09,1328.18,90.058
3/29/2018,20.6620677,14.04,19.97,605.94,-2.68,436.88,1323.02,90.151
4/2/2018,20.21252257,14.05,23.62,604.37,-2.67,436.29,1339.37,90.052
4/3/2018,14.19885726,14.06,21.1,611.48,-2.73,437.25,1334.05,90.2
4/4/2018,14.77641081,13.83,20.06,611.77,-2.73,434.96,1336.44,90.142
4/5/2018,14.41617838,13.41,18.94,618.96,-2.76,436.63,1324.96,90.46
4/6/2018,18.87658886,13.76,21.49,616.26,-2.7,436.43,1333.03,90.108
4/9/2018,16.7103817,14.11,21.77,621.41,-2.72,439.3,1335.34,89.838
4/10/2018,14.66030994,14.16,20.47,624.74,-2.74,440.13,1339.57,89.587
4/11/2018,13.90819997,14.24,20.24,625.06,-2.72,440.65,1358.31,89.568
4/12/2018,10.79267412,14.44,18.49,625.01,-2.78,440.63,1338.11,89.751
4/13/2018,11.11854333,14.84,17.41,622.4,-2.77,439.73,1346.2,89.8
4/16/2018,10.22579959,14.92,16.56,617.65,-2.78,439.93,1348.02,89.425
4/17/2018,10.34208808,14.68,15.25,619.12,-2.77,440.79,1346.88,89.516
4/18/2018,4.013565678,14.84,15.6,627.49,-2.83,444.35,1351.91,89.623
4/19/2018,4.54112609,14.42,15.96,629.97,-2.87,445.53,1346.52,89.94
4/20/2018,0.732853777,14.02,16.88,625.5,-2.91,445.63,1336.36,90.316
4/23/2018,-2.113716236,13.87,16.34,620.27,-2.94,444.41,1323.71,90.946
4/24/2018,-0.638759271,14.22,18.02,619.27,-2.95,444.9,1331.96,90.766
4/25/2018,0.999724896,14.26,17.84,614.13,-2.97,447.17,1322.34,91.172
4/26/2018,2.449277078,14.51,16.24,619.79,-2.95,446.29,1317.64,91.561
4/27/2018,3.15991209,14.58,15.41,631.12,-2.92,441.74,1324,91.542
4/30/2018,5.026661054,14.6,15.93,631.43,-2.91,445.1,1317.16,91.841
5/1/2018,0.091809528,14.41,15.49,628.09,-2.93,446.5,1307.15,92.449
5/2/2018,1.551006791,14.08,15.97,624.42,-2.92,445.94,1305.38,92.512
5/3/2018,3.087407498,13.98,15.9,622.05,-2.9,446.49,1312.66,92.414
5/4/2018,1.088418338,14.04,14.77,621.12,-2.9,446.43,1314.5,92.566
5/7/2018,0.401434341,14.65,14.75,627.76,-2.9,445.45,1313.94,92.749
5/8/2018,-5.140526723,14.63,14.71,619.94,-2.93,444.07,1314.18,93.12
5/9/2018,-5.802769145,15.05,13.42,623.22,-2.96,445.11,1312.41,93.04
5/10/2018,-5.986217002,15.66,13.23,635.23,-2.94,444.07,1319.56,92.65
5/11/2018,-6.353772975,15.68,12.65,631.61,-2.94,443.64,1319.3,92.537
5/14/2018,-7.353274993,15.7,12.93,634.9,-2.96,443.62,1319.27,92.587
5/15/2018,-13.10104835,15.38,14.63,634.61,-3.04,442.25,1291.51,93.219
5/16/2018,-12.83039941,16.25,13.42,632.7,-3.05,443.55,1291.75,93.392
5/17/2018,-11.735543,16.39,13.43,632.61,-3.07,443.39,1291.49,93.469
5/18/2018,-9.00043152,16.38,13.42,629.19,-3.02,444.84,1293.04,93.637
5/21/2018,-9.078596081,16.68,13.08,635.52,-3.02,445.3,1289.91,93.677
5/22/2018,-8.775635067,17.08,13.22,637.05,-3.02,445.98,1294.27,93.609
5/23/2018,-3.202146902,17.15,12.58,632.69,-2.95,445.23,1290.56,94.003
5/24/2018,-2.673735767,17.45,12.53,627.36,-2.93,444.76,1304.8,93.775
5/25/2018,3.501971683,17.17,13.22,618.95,-2.88,444.76,1303.69,94.253
5/29/2018,14.96320232,17.47,17.02,612.66,-2.71,445.48,1302.16,94.82
5/30/2018,7.544794754,17.02,14.94,615.19,-2.79,445.87,1302.09,94.069
5/31/2018,8.058165875,16.16,15.43,617.44,-2.78,446.27,1301.91,93.979
6/1/2018,0.075367921,16.55,13.46,614.45,-2.85,445.63,1293.4,94.156
6/4/2018,-2.579084148,17.42,12.74,600.68,-2.89,443.49,1293.62,94.038
6/5/2018,-0.359911114,17.11,12.4,592.94,-2.87,443.97,1298.52,93.876
6/6/2018,-6.888972081,17.31,11.64,589.91,-2.93,446.27,1297.63,93.614
6/7/2018,-1.606561149,17.37,12.13,587.62,-2.88,447.02,1297.63,93.435
6/8/2018,-1.463258833,17.2,12.18,584.75,-2.88,450.3,1298.17,93.535
6/11/2018,-4.449942206,16.96,12.35,585.55,-2.91,450.01,1300.31,93.608
6/12/2018,-5.40828242,16.61,12.34,587.67,-2.91,451.96,1296.64,93.818
6/13/2018,-8.205827828,16.77,12.94,586.21,-2.95,451.35,1298.24,93.544
6/14/2018,-1.767302111,16.34,12.12,584.43,-2.9,450.94,1304.08,94.879
6/15/2018,-1.916265908,15.98,11.98,580.92,-2.89,449.96,1278.94,94.788
6/18/2018,-0.929534407,16.05,12.31,580.23,-2.89,446.95,1278.59,94.756
6/19/2018,0.605067312,15.69,13.35,575.02,-2.84,443.83,1275.83,95.013
6/20/2018,-1.643522286,15.98,12.79,576.5,-2.89,445.16,1272.92,95.124
6/21/2018,-0.468061827,16.31,14.64,572.92,-2.86,444.11,1268.92,94.862
6/22/2018,-0.389078231,16.61,13.77,575.62,-2.86,443.21,1270.56,94.52
6/25/2018,1.470445739,16.54,17.33,572.52,-2.83,440.3,1266.01,94.289
6/26/2018,0.803543023,16.55,15.92,567.1,-2.84,439.42,1259.91,94.676
6/27/2018,7.031446372,16.78,17.91,558.75,-2.79,438.33,1254.51,95.29
6/28/2018,6.704226936,16.52,16.85,555.99,-2.81,437.2,1250.13,95.312
6/29/2018,5.133204017,16.51,16.09,560.82,-2.81,439.11,1252.6,94.47
7/2/2018,1.620844898,16.62,15.6,560.81,-2.83,437.86,1242,94.871
7/3/2018,6.535425617,16.65,16.14,562.43,-2.79,437.34,1252.83,94.591
7/5/2018,4.766321591,17.25,14.97,563.1,-2.8,436.22,1257.6,94.395
7/6/2018,5.550587095,17.28,13.37,569.13,-2.78,436.81,1255.4,93.963
7/9/2018,1.907444798,17.58,12.69,575.84,-2.82,438.05,1259.1,94.077
7/10/2018,-0.730144229,17.67,12.64,574.76,-2.83,438.66,1254.5,94.158
7/11/2018,0.90956596,17.95,13.63,569.94,-2.82,434.89,1245.2,94.719
7/12/2018,-0.914781147,17.72,12.58,573.63,-2.83,436.1,1246.94,94.827
7/13/2018,2.105650825,17.69,12.18,571.24,-2.8,435.05,1244.32,94.677
7/16/2018,-0.166744106,17.59,12.83,568.45,-2.82,432.95,1238.99,94.511
7/17/2018,-2.662489912,17.74,12.06,567.17,-2.83,432.46,1226.83,94.985
7/18/2018,-4.133459624,18.11,12.1,569.3,-2.84,431.77,1226.79,95.085
7/19/2018,0.226303963,18.56,12.87,569.7,-2.81,430.58,1216.56,95.164
7/20/2018,-4.866589607,18.77,12.86,573.14,-2.85,432.04,1229.53,94.476
7/23/2018,-9.03944006,19.09,12.62,573.74,-2.92,432.14,1223.69,94.632
7/24/2018,-7.288225818,19.01,12.41,579.55,-2.91,431.48,1225.33,94.613
7/25/2018,-5.606941946,19.28,12.29,586.26,-2.9,432.95,1229.09,94.233
7/26/2018,-11.78576285,19.23,12.14,583.64,-2.95,433.59,1226.96,94.785
7/27/2018,-8.015997169,19.09,13.03,584.4,-2.92,432.82,1226.12,94.669
7/30/2018,-10.4686247,18.99,14.26,582.83,-2.94,432.49,1223.56,94.348
7/31/2018,-7.977070532,19.34,12.83,584.34,-2.92,433.13,1226.1,94.554
8/1/2018,-10.28460595,19.69,13.15,583.53,-2.96,429.28,1218.32,94.661
8/2/2018,-9.158513515,19.53,12.19,579.34,-2.93,427.83,1213.53,95.17
8/3/2018,-5.056405082,19.53,11.64,574.93,-2.91,427.37,1214.9,95.161
8/6/2018,-2.584416246,19.42,11.27,572.41,-2.89,426.79,1210.04,95.358
8/7/2018,-7.298570884,19.36,10.93,573.17,-2.92,425.64,1211.72,95.186
8/8/2018,-5.008696821,19.22,10.85,572.88,-2.92,424.8,1210.95,95.092
8/9/2018,-1.912742397,19.42,11.27,573.04,-2.89,424.12,1212.89,95.504
8/10/2018,2.524682022,19.73,13.16,564.44,-2.82,421.87,1210.57,96.357
8/13/2018,1.581320682,19.9,14.78,556.38,-2.82,418.97,1193.55,96.391
8/14/2018,-0.990969521,20,13.31,546.12,-2.84,418.03,1193.77,96.731
8/15/2018,2.533659342,19.95,14.64,538.66,-2.81,414.17,1177.32,96.696
8/16/2018,0.472170439,19.86,13.45,542.2,-2.82,413.84,1177.79,96.645
8/17/2018,1.039577094,20.04,12.64,545.92,-2.82,413.5,1184.25,96.101
8/20/2018,4.996476445,20.44,12.49,554.56,-2.77,414.19,1189.14,95.9
8/21/2018,3.161122366,21.31,12.86,560.37,-2.8,414.42,1192.3,95.256
8/22/2018,4.684034096,21.82,12.25,559.3,-2.77,413.66,1195.5,95.146
8/23/2018,3.770002596,22.47,12.41,553.15,-2.78,412.51,1188.02,95.666
8/24/2018,4.173227557,22.83,11.99,556.82,-2.78,412.3,1205.35,95.146
8/27/2018,2.405890227,23.45,12.16,561.31,-2.81,412.84,1209.97,94.779
8/28/2018,-1.971100059,22.86,12.5,560.24,-2.84,412.23,1207.84,94.72
8/29/2018,-3.109714745,23.19,12.25,560.3,-2.85,411.78,1205.91,94.6
8/30/2018,2.488703669,23.29,13.53,555.04,-2.82,410.96,1199.32,94.723
8/31/2018,3.351786083,23.2,12.86,556.93,-2.81,411.42,1200.12,95.14
9/4/2018,-0.421167504,22.25,13.16,551.43,-2.85,411.23,1193.36,95.439
9/5/2018,1.207835549,22.44,13.91,547.04,-2.85,409.89,1195.54,95.184
9/6/2018,3.126976462,23.57,14.65,547.5,-2.83,410.44,1198.98,95.021
9/7/2018,-0.007608642,25.33,14.88,543.67,-2.89,411.77,1196.93,95.365
9/10/2018,-0.254866935,27.42,14.16,542.55,-2.89,413.6,1196.37,95.15
9/11/2018,-4.733535422,26.66,13.22,543.93,-2.94,411.55,1195.59,95.249
9/12/2018,-3.231306931,25.37,13.14,544.81,-2.93,409.53,1204.08,94.799
9/13/2018,-3.15243464,21.29,12.37,542.48,-2.93,409.47,1203.6,94.518
9/14/2018,-5.076853795,22.42,12.07,543.59,-2.96,408.7,1195.16,94.927
9/17/2018,-4.158299218,23.46,13.68,542.93,-2.96,410.51,1202.58,94.496
9/18/2018,-5.370386034,22.83,12.79,549.58,-3.01,410.2,1198.41,94.64
9/19/2018,-8.605628173,24.09,11.75,551.46,-3.04,412.25,1204.26,94.537
9/20/2018,-6.68920661,24.72,11.8,555.15,-3.03,413.55,1205.88,93.912
9/21/2018,-6.679019825,24.88,11.68,560.38,-3.03,414.3,1200.04,94.22
9/24/2018,-7.480003913,25.29,12.2,555.14,-3.04,415.67,1201.11,94.185
9/25/2018,-7.931517913,24.27,12.42,552.39,-3.06,416.76,1201.09,94.133
9/26/2018,-4.023734706,23.42,12.89,550.53,-3.02,416.45,1196.09,94.193
9/27/2018,-4.927969364,24,12.41,545.96,-3.02,416.5,1184.26,94.894
9/28/2018,-4.123122447,24.63,12.12,546.51,-3.01,414.95,1192.52,95.132
10/1/2018,-7.918441908,24.96,12,543.85,-3.04,415.23,1188.96,95.298
10/2/2018,-4.010096407,24.76,12.05,549.46,-3.01,417.25,1203.99,95.507
10/3/2018,-9.143422827,24.96,11.61,549.18,-3.1,417.68,1198.72,95.762
10/4/2018,-12.16016607,25.18,14.22,540.34,-3.14,417.27,1198.35,95.751
10/5/2018,-12.07678049,26.1,14.82,538.54,-3.18,417.29,1203.63,95.624
10/8/2018,-10.66994012,26.48,15.69,539.93,-3.165,417.43,1186.47,95.761
10/9/2018,-9.029976358,25.33,15.95,541.2,-3.15,418.08,1188.19,95.668
10/10/2018,-8.006295633,23.65,22.96,530.17,-3.15,416.68,1190.14,95.508
10/11/2018,-1.935829083,23.88,24.98,519.72,-3.09,416.68,1219.8,95.017
10/12/2018,-1.947861478,24.21,21.31,527.88,-3.09,417.66,1217.05,95.221
10/15/2018,-3.826784372,22.09,21.3,527.38,-3.1,419.02,1227.05,95.059
10/16/2018,-3.556459642,22.53,17.62,536.39,-0.88,418.83,1228.43,95.048
10/17/2018,-8.372751523,22.27,17.4,535.89,-0.9,417.73,1224.61,95.575
10/18/2018,-4.390293799,22.62,20.06,531.52,-0.88,415.92,1227.86,95.9
10/19/2018,-8.717249558,22.64,19.89,531.62,-0.91,416.67,1226.49,95.713
10/22/2018,-8.18777733,21.92,19.64,532.47,-0.88,416.8,1222.29,96.013
10/23/2018,-5.879308209,21.8,20.71,519.96,-0.87,416.14,1231.11,95.961
10/24/2018,1.069201029,21.9,25.23,513.26,-0.79,415.42,1227.84,96.434
10/25/2018,-2.243896345,21.41,24.22,518.38,-0.83,415.73,1230.16,96.679
10/26/2018,3.976773158,20.59,24.16,513.8,-0.79,416.79,1233.53,96.359
10/29/2018,3.610135251,18.91,24.7,507.37,-0.79,416.4,1226.64,96.579
10/30/2018,1.529498034,18.13,23.35,511.17,-0.77,415.57,1222.85,97.011
10/31/2018,-0.701109407,18.49,21.23,516.86,-0.81,416.13,1213.34,97.127
11/1/2018,2.117049423,17.62,19.34,531.06,-0.78,417.76,1234.25,96.277
11/2/2018,-4.454124391,19.18,19.51,533.27,-0.85,417.75,1232.89,96.542
11/5/2018,-2.295040741,19.31,19.96,539.17,-0.83,418.89,1230.15,96.279
11/6/2018,-4.428428478,19.69,19.91,545.21,-0.85,417.36,1226.11,96.317
11/7/2018,-6.809047558,20.77,16.36,561.14,-0.86,417.36,1228.62,95.997
11/8/2018,-8.436229751,21.75,16.72,558.71,-0.88,416.23,1223.27,96.724
11/9/2018,-6.022414625,21.65,17.36,553.68,-0.83,414.26,1209.65,96.905
11/12/2018,-1.948848392,22.7,20.45,553.01,-0.79,415.35,1203.32,97.542
11/13/2018,-0.695345912,22.26,20.02,550.59,-0.75,413.81,1201.95,97.303
11/14/2018,2.102174179,21.78,21.25,549.73,-0.71,414.21,1208.46,96.803
11/15/2018,2.636241064,21.13,19.98,552.17,-0.7,415.93,1213.32,96.927
11/16/2018,4.000567472,21.31,18.14,557.17,-0.68,416.8,1223.36,96.465
11/19/2018,5.584887709,21.08,20.1,554.24,-0.65,418.1,1223.99,96.193
11/20/2018,4.259419563,21.62,22.48,544.77,-0.62,416.79,1222.07,96.836
11/21/2018,3.559319042,22.69,20.8,552.12,-0.64,416.45,1227.69,96.712
11/23/2018,4.133164035,22.4,21.52,550.92,-0.62,415.27,1223.05,96.916
11/26/2018,1.152261559,22.02,18.9,555.69,-0.63,413.26,1222.54,97.074
11/27/2018,0.651632861,21.82,19.02,562.05,-0.61,411.73,1213.29,97.369
11/28/2018,0.477160015,21.5,18.49,572.18,-0.6,413.18,1221.31,96.786
11/29/2018,1.269532546,22.23,18.79,573.7,-0.6,414.23,1225.97,96.778
11/30/2018,1.409549504,22.7,18.07,569.94,-0.59,416.18,1220.52,97.272
12/3/2018,2.750168743,22.85,16.44,577.58,-0.55,418.3,1233.03,97.04
12/4/2018,3.057283007,22.99,20.74,572.25,-0.42,418.64,1240.1,96.965
12/6/2018,1.509580631,22.36,21.19,563.66,-0.38,416.56,1239.67,96.81
12/7/2018,6.609481215,22.6,23.23,558.05,-0.37,417.73,1249.31,96.514
12/10/2018,6.332257355,23.22,22.64,552.85,-0.38,416.78,1243.44,97.219
12/11/2018,1.043889609,22.52,21.76,554.33,-0.45,414.66,1244.34,97.388
12/12/2018,-0.652344433,23.81,21.46,560.39,-0.46,415.27,1246.05,97.044
12/13/2018,-0.519034959,24.65,20.65,564.47,-0.43,416.2,1242.73,97.064
12/14/2018,4.525807423,25.76,21.63,558.53,-0.4,414.97,1239.02,97.443
12/17/2018,6.62039823,26.69,24.52,548.16,-0.38,414.38,1246.86,97.1
12/18/2018,7.242940778,26.42,25.58,542.39,-0.35,413.38,1249.18,97.104
12/19/2018,12.88548687,26.67,25.58,539.21,-0.3,412.76,1252.79,97.035
12/20/2018,6.034316202,26.53,28.38,532.66,-0.3,411.74,1262.72,96.276
12/21/2018,7.785938791,26.97,30.11,523.89,-0.3,410.8,1256.94,96.956
12/24/2018,11.34119358,27.25,36.07,517.84,-0.23,410.49,1268.38,96.553
12/26/2018,4.609543232,27.165,30.41,529.98,-0.31,410.66,1269.81,97.05
12/27/2018,9.765065844,27.08,29.96,527.76,-0.22,409.95,1277.5,96.481
12/28/2018,13.92853434,27.02,28.34,529.18,-0.16,408.65,1278.97,96.402
12/31/2018,17.29723928,27.06,25.42,531.48,-0.14,409.17,1281.58,96.173
1/2/2019,17.68163706,27.37,23.22,534.97,-0.16,409.43,1284.14,96.819
1/3/2019,25.78103821,25.28,25.45,528.82,-0.02,410.92,1290.45,96.305
1/4/2019,15.39739122,25.66,21.38,543.81,-0.14,412.94,1286.05,96.179
1/7/2019,11.96404974,24.22,21.4,547,-0.18,413.58,1288.31,95.666
1/8/2019,7.324767859,24.78,20.47,553.41,-0.21,413.63,1286.48,95.903
1/9/2019,7.277288747,23.93,19.98,560.29,-0.22,412.56,1290,95.219
1/10/2019,7.695789214,23.96,19.5,567.66,-0.21,411,1288.04,95.539
1/11/2019,10.89638756,24.52,18.19,570.49,-0.17,411.81,1290.25,95.67
1/14/2019,10.78450504,24.33,19.07,565.83,-0.17,412.52,1291.73,95.61
1/15/2019,9.385760166,24.4,18.6,566.89,-0.18,411.24,1288.08,96.039
1/16/2019,8.649790583,25.18,19.04,568.97,-0.22,412.31,1293.86,96.059
1/17/2019,3.348893422,25.39,18.06,573.34,-0.25,414.02,1292.09,96.065
1/18/2019,0.493698782,26.63,17.8,574.82,-0.3,411.3,1282.11,96.336
1/22/2019,2.895485353,26.94,20.8,572.31,-0.25,410.1,1283.7,96.303
1/23/2019,2.933281428,26.47,19.52,575.09,-0.28,411.52,1284.75,96.123
1/24/2019,5.783736447,25.85,18.89,587.23,-0.21,411.35,1280.39,96.601
1/25/2019,2.463205157,25.68,17.42,590.12,-0.25,411.62,1305.25,95.794
1/28/2019,2.796523936,24.5,18.87,589.53,-0.24,412.47,1303.35,95.746
1/29/2019,5.202726769,25.08,19.13,593.82,-0.2,412.99,1309.91,95.821
1/30/2019,8.974903616,24.72,17.66,598.33,-0.19,413.66,1311.16,95.34
1/31/2019,13.96894189,23.9,16.57,608.7,-0.08,412.83,1322.06,95.578
2/1/2019,5.952611093,23.55,16.14,610.75,-0.17,412.94,1317.98,95.579
2/4/2019,3.798758519,24.63,15.73,609.4,-0.21,413.49,1314.52,95.852
2/5/2019,5.549686244,24.74,15.57,611.96,-0.2,414.15,1314.93,96.067
2/6/2019,5.244882869,25.24,15.38,609.45,-0.18,413.47,1312.52,96.39
2/7/2019,6.557142694,25.02,16.37,606.47,-0.11,413.47,1310.91,96.507
2/8/2019,9.896625408,23.91,15.72,603.63,-0.1,413.03,1314.97,96.637
2/11/2019,4.28758982,23.97,15.97,607.25,-0.12,411.59,1307.43,97.057
2/12/2019,3.210889617,22.25,15.43,612.19,-0.15,411.81,1310.5,96.709
2/13/2019,1.418167859,22.51,15.65,614.65,-0.19,411.68,1311.81,97.129
2/14/2019,3.211500251,21.37,16.22,620.31,-0.13,411.57,1314.19,96.978
2/15/2019,3.104962104,22.04,14.91,615.46,-0.14,413.36,1322.49,96.904
2/19/2019,3.414186783,21.81,14.88,621.28,-0.13,413.71,1340.65,96.52
2/20/2019,3.048758957,22.04,14.02,619.62,-0.13,413.82,1345.34,96.454
2/21/2019,0.833438036,20.32,14.46,623.05,-0.15,413.69,1327.65,96.605
2/22/2019,1.853833212,20.43,13.51,629.94,-0.1,414.97,1329.4,96.507
2/25/2019,1.162372565,20.65,14.85,630.02,-0.11,414.19,1326.35,96.413
2/26/2019,4.151297971,21.08,15.17,629.94,-0.1,413.13,1325.78,96.003
2/27/2019,-0.673200036,22.7,14.7,624.88,-0.15,413.36,1319.41,96.154
2/28/2019,-3.182427641,23.13,14.78,625.48,-0.16,412.83,1315.29,96.157
3/1/2019,-6.698540097,23.73,13.57,623.51,-0.21,413.73,1293.44,96.527
3/4/2019,-2.811101653,24.6,14.63,627.82,-0.17,413.24,1286.65,96.682
3/5/2019,-2.894794692,24.42,14.74,628.27,-0.18,414.17,1283.15,96.866
3/6/2019,-1.286347518,23.6,15.74,620.37,-0.15,413.01,1286.36,96.873
3/7/2019,1.888177933,24.76,16.59,616.13,-0.08,413.56,1285.52,97.667
3/8/2019,4.520026998,24.52,16.05,610.73,-0.05,414.33,1298.3,97.306
3/11/2019,1.399821288,23.78,14.33,622.9,-0.08,413.86,1291.1,97.215
3/12/2019,4.005376436,23.8,13.77,630.06,-0.04,417.35,1298.53,96.935
3/13/2019,3.092081523,23.72,13.41,633.63,-0.07,419.42,1308.63,96.55
3/14/2019,1.571759785,24.2,13.5,632.15,-0.07,418.27,1295.86,96.785
3/15/2019,3.798645069,23.92,12.88,630.04,-0.03,419.58,1302.4,96.595
3/18/2019,2.612107797,23.22,13.1,637.66,-0.05,420,1303.31,96.524
3/19/2019,2.604445023,22.53,13.56,637.29,-0.04,420.73,1307.61,96.383
3/20/2019,8.243963323,23.02,13.91,635.03,0.01,421.99,1302.11,95.761
3/21/2019,5.82333466,22.28,13.63,631.72,0.03,423.67,1307.95,96.495
3/22/2019,13.62338813,21.99,16.48,620.63,0.14,424.35,1313.68,96.651
3/25/2019,15.53445601,22.23,16.33,616.67,0.15,425.45,1322.78,96.566
3/26/2019,16.83521871,22.84,14.68,618.51,0.15,425.73,1315.71,96.736
3/27/2019,14.90234597,23.15,15.15,619.25,0.15,426.3,1309.89,96.774
3/28/2019,14.15485379,23.55,14.43,621.13,0.16,425.44,1291.07,97.202
3/29/2019,12.96718283,22.82,13.71,624.81,0.13,426.5,1292.38,97.284
4/1/2019,5.595356502,23.16,13.4,629.57,0.03,426.5,1289.65,97.232
4/2/2019,6.70293474,23.25,13.36,631.26,0.04,426.37,1289.65,97.361
4/3/2019,4.964886638,24.45,13.74,636.66,0.01,426.9,1290.92,97.091
4/4/2019,5.96802264,25.72,13.58,638.65,0.02,427.5,1289,97.308
4/5/2019,6.711787968,25.9,12.82,645.45,0.03,424.94,1291.76,97.395
4/8/2019,5.368034834,25.58,13.18,644.94,0.02,425.23,1297.89,97.05
4/9/2019,6.450940391,26.84,14.28,641.73,0.03,424.84,1304.37,97.006
4/10/2019,8.097231902,27.41,13.3,647.53,0.04,425.3,1310.01,96.946
4/11/2019,6.020676922,28.58,13.02,642.69,0.03,424.6,1292.93,97.177
4/12/2019,-0.615677981,27.82,12.01,639.74,-0.04,426.1,1290.43,96.972
4/15/2019,-0.672907561,28.05,12.32,643.93,-0.03,425.53,1289.56,96.942
4/16/2019,-3.259581265,28.25,12.18,645.75,-0.06,424.9,1274.07,97.043
4/17/2019,-2.40608462,28.71,12.6,645.92,-0.05,425.29,1273.2,97.009
4/18/2019,-1.067498059,28.14,12.09,644.6,-0.02,425.08,1273.6,97.474
4/22/2019,-2.325220972,28.47,12.42,645.86,-0.05,424.04,1274.39,97.287
4/23/2019,0.646343929,28.8,12.28,648.03,-0.02,422.61,1272.76,97.636
4/24/2019,3.737184804,28.66,13.14,647.93,0.02,421.12,1275.92,98.173
4/25/2019,2.209994274,28.54,13.25,645.92,0.02,421.53,1277.9,98.203
4/26/2019,4.323134886,27.09,12.73,647.71,0.04,422.59,1286.16,98.006
4/29/2019,1.441379703,27.55,13.11,648.05,0.03,421.99,1279.07,97.857
4/30/2019,5.059321943,27.43,13.12,649.09,0.05,422.09,1283.61,97.479
5/1/2019,1.070695806,26.89,14.8,650.41,0,420.13,1281.07,97.686
5/2/2019,-1.292160882,25.79,14.42,644.7,0.02,418.41,1270.43,97.832
5/3/2019,-1.72483358,26.29,12.87,652.31,0.01,418.59,1279.11,97.52
5/6/2019,-0.442768704,26.42,15.44,639.6,0.04,417.54,1281.76,97.515
5/7/2019,3.611936016,27.47,19.32,649.01,0.09,417.29,1284.26,97.628
5/8/2019,-1.983041669,27.99,19.4,645.17,0.05,414.2,1280.24,97.623
5/9/2019,2.376079012,27.57,19.1,636.1,0.09,412.54,1283.82,97.373
5/10/2019,0.200974398,26.62,16.04,641.03,0.06,410.08,1286.05,97.33
5/13/2019,5.009571022,26.03,20.55,628.52,0.14,408.41,1300.4,97.319
5/14/2019,2.801018599,26.87,18.06,630.97,0.12,410.4,1295.88,97.526
5/15/2019,7.801916771,26.96,16.44,636.84,0.16,411.99,1297.97,97.569
5/16/2019,2.717884568,26.56,15.29,639.97,0.13,413.97,1285.94,97.855
5/17/2019,2.974349912,25.96,15.96,632.97,0.13,412.57,1277.53,97.995
5/20/2019,0.618916819,26.16,16.31,628.4,0.09,413.38,1276.21,97.933
5/21/2019,-0.507420396,26.35,14.95,640.53,0.05,413.63,1273.26,98.062
5/22/2019,2.542010839,27.34,14.75,642.05,0.09,413.58,1274.81,98.041
5/23/2019,9.976233175,27.03,16.92,628.78,0.18,413.02,1285.82,97.856
5/24/2019,8.154902043,26.44,15.85,633.93,0.16,414.71,1284.93,97.613
5/28/2019,11.39135212,26.46,17.5,639.04,0.2,417.42,1277.84,97.952
5/29/2019,13.14075864,26.51,17.9,634.13,0.2,415.37,1282.44,98.144
5/30/2019,15.4411144,26.28,17.3,637.98,0.26,417.41,1287.22,98.142
5/31/2019,23.34846151,25.45,18.71,637.38,0.35,415.96,1305.58,97.75
6/3/2019,30.93474311,24.74,18.86,646.66,0.41,416.23,1320.66,97.142
6/4/2019,25.37531419,25.58,16.97,650.03,0.35,415.31,1323.52,97.072
6/5/2019,27.56137913,25.28,16.09,652.87,0.35,414.38,1328.81,97.32
6/6/2019,22.79529366,25.09,15.93,652.63,0.34,415.78,1339.24,97.044
6/7/2019,26.98904684,25.66,16.3,659.23,0.35,409.61,1340.86,96.544
6/10/2019,20.22751824,26.36,15.94,661.54,0.28,410.71,1327.36,96.761
6/11/2019,21.38611716,26.11,15.99,665.57,0.23,412.4,1328.48,96.686
6/12/2019,24.99142114,25.92,15.91,660.64,0.22,413.1,1332.63,97
6/13/2019,28.22720207,26.05,15.82,668.03,0.27,413.18,1339.52,97.013
6/14/2019,28.40143102,26.15,15.28,662.94,0.25,412.08,1341.7,97.572
6/17/2019,28.49652347,26.12,15.35,660.66,0.25,412.52,1339.74,97.558
6/18/2019,30.09926394,26.22,15.15,668.28,0.27,412.14,1348.03,97.644
6/19/2019,35.62061264,26.07,14.33,672.81,0.29,411.8,1346.05,97.117
6/20/2019,35.36332149,26.2,14.75,681.7,0.28,411.76,1387.94,96.629
6/21/2019,29.05582338,26.42,15.4,678.78,0.23,411.23,1399.63,96.22
6/24/2019,34.40795316,27.53,15.26,680.45,0.25,412.1,1415.09,95.98
6/25/2019,35.5146946,27.64,16.28,674.51,0.26,410.96,1425.72,96.14
6/26/2019,30.10395188,28.65,16.21,673.12,0.2,409.95,1413.08,96.214
6/27/2019,34.26824233,28.15,15.82,677.57,0.27,408.67,1407.71,96.194
6/28/2019,34.316356,27.5,15.08,680.9,0.28,407.87,1409.55,96.13
7/1/2019,30.87775068,28.17,14.06,681.81,0.26,406.23,1386.57,96.844
7/2/2019,34.6797875,27.98,12.93,689.03,0.32,403.63,1405.08,96.726
7/3/2019,35.15681112,27.78,12.57,692.5,0.37,405.61,1416.46,96.768
7/5/2019,26.38059943,27.67,13.28,693.12,0.29,404.15,1399.45,97.286
7/8/2019,23.75001937,28.16,13.96,691.9,0.3,404.74,1396.96,97.384
7/9/2019,19.83015293,27.9,14.09,691.37,0.28,401.66,1396.92,97.489
7/10/2019,24.48438647,29.65,13.03,693.35,0.25,403.74,1412.11,97.104
7/11/2019,18.54338058,29.71,12.93,692.67,0.18,404.64,1410.82,97.05
7/12/2019,18.93058432,30.26,12.39,690.92,0.2,405.57,1415.75,96.81
7/15/2019,20.71273486,30.56,12.68,687.94,0.23,405.36,1413.05,96.933
7/16/2019,16.58314152,29.98,12.86,691.26,0.17,404.48,1409.2,97.395
7/17/2019,20.40729124,29.98,13.97,690.91,0.2,404.29,1422.32,97.223
7/18/2019,24.65647626,29.28,13.53,693.12,0.23,403.92,1426.38,96.794
7/19/2019,22.47991492,30.38,14.45,692.54,0.25,405.87,1425.37,97.151
7/22/2019,21.61362532,30.5,13.53,692.21,0.24,405.87,1425.89,97.257
7/23/2019,19.08514067,31.33,12.61,687.85,0.21,407.38,1419.57,97.705
7/24/2019,20.08174889,30.7,12.07,689.52,0.21,407.38,1422.53,97.729
7/25/2019,17.80578578,30.51,12.74,687.08,0.22,407.36,1412.17,97.818
7/26/2019,17.0642103,29.75,12.16,686.96,0.2,406.05,1418.9,98.01
7/29/2019,17.89805699,29.85,12.83,687.69,0.23,407.22,1420.68,98.044
7/30/2019,17.19623244,29.29,13.94,682.09,0.17,404.92,1429.07,98.05
7/31/2019,16.98392327,29.38,16.12,686.23,0.15,403.16,1424.61,98.516
8/1/2019,27.57679681,30.83,17.87,692.93,0.37,402.06,1419.07,98.369
8/2/2019,26.81841537,30.61,17.61,688.26,0.37,400.35,1440.83,98.074
8/5/2019,37.26035433,30.04,24.59,668,0.45,399.41,1465.83,97.522
8/6/2019,37.67481001,29.7,20.17,672.33,0.46,398.68,1471.6,97.63
8/7/2019,37.09066836,29.56,19.49,688.06,0.44,396.04,1505.17,97.544
8/8/2019,34.88224215,29.78,16.91,703,0.45,400.78,1495.74,97.618
8/9/2019,30.05400158,29.36,17.97,700.33,0.41,400.81,1496.95,97.491
8/12/2019,37.92023989,27.91,21.09,699.54,0.5,397.8,1505.83,97.38
8/13/2019,31.44956225,28.3,17.52,700.29,0.42,397.42,1502.27,97.812
8/14/2019,35.42275327,28.12,22.1,685.71,0.43,397.41,1523.19,97.987
8/15/2019,44.04314904,27.2,21.18,679.37,0.5,397.87,1520.53,98.144
8/16/2019,43.37243368,27.15,18.47,689.76,0.46,398.23,1513.52,98.142
8/19/2019,37.10509362,27.73,16.88,697.91,0.42,396.47,1501.94,98.347
8/20/2019,43.0144316,27.42,17.5,698.16,0.47,395.45,1504.86,98.19
8/21/2019,36.90747524,27.17,15.8,708.58,0.44,395.93,1506.2,98.295
8/22/2019,36.45330156,26.81,16.68,700.36,0.46,394.51,1499.07,98.17
8/23/2019,46.15031525,26.24,19.87,690.64,0.56,392.44,1526.96,97.64
8/26/2019,43.41953058,26.97,19.32,692.47,0.54,391.85,1529.15,98.081
8/27/2019,46.50444572,26.53,20.31,692.86,0.59,389.96,1542.85,97.999
8/28/2019,48.03660659,27.11,19.35,694.37,0.62,390.36,1536.79,98.21
8/29/2019,46.30176211,27.55,17.88,693.32,0.57,388.22,1528.57,98.507
8/30/2019,46.9391668,27.37,18.98,698.08,0.59,387.15,1520.38,98.916
9/3/2019,50.87255496,26.21,19.66,697.94,0.59,386.38,1546,99
9/4/2019,53.91097401,26.47,17.33,709.55,0.62,387.4,1547.63,98.451
9/5/2019,45.47303831,26.48,16.27,709.49,0.5,387.95,1515.54,98.414
9/6/2019,47.33791139,26.05,15,706.92,0.5,386.94,1506.82,98.394
9/9/2019,41.77975318,25.97,15.27,699.92,0.42,383.98,1503.43,98.281
9/10/2019,34.5711911,27.69,15.2,697.8,0.33,383.6,1491.3,98.326
9/11/2019,37.12185548,27.27,14.61,705.67,0.29,384.14,1493.78,98.645
9/12/2019,33.1857903,27.42,14.22,702.7,0.25,384.61,1498.62,98.309
9/13/2019,28.41484039,27.38,13.74,704.76,0.15,384.62,1488.53,98.257
9/16/2019,36.40284622,28.07,14.67,705.6,0.25,386.4,1503.23,98.61
9/17/2019,38.01616747,27.24,14.44,714.54,0.31,385.02,1505.91,98.261
9/18/2019,35.65721368,26.47,13.95,714.89,0.17,384.04,1508.57,98.561
9/19/2019,37.23424814,26.98,14.05,725.23,0.26,385.54,1499.32,98.272
9/20/2019,43.17505041,27.59,15.32,724.66,0.26,385.5,1516.9,98.513
9/23/2019,43.12518623,26.84,14.91,723.06,0.29,386.24,1523.03,98.599
9/24/2019,49.82499385,26.58,17.05,714.98,0.32,385.92,1534.32,98.337
9/25/2019,41.68271694,26.26,15.96,713.63,0.2,387.41,1505.48,99.037
9/26/2019,42.66527275,26.69,16.07,705.48,0.25,387.82,1506.23,99.132
9/27/2019,44.91087155,26.34,17.22,692.79,0.24,387.52,1497.01,99.109
9/30/2019,46.11359914,25.76,16.24,693.96,0.25,387.57,1470.54,99.377
10/1/2019,50.54049374,26.05,18.56,690.26,0.18,387.57,1483.39,99.128
10/2/2019,55.4586553,25.2,20.56,682.49,0.22,388.31,1502.13,99.019
10/3/2019,59.58808803,24.17,19.12,684.3,0.3,388.76,1507.99,98.864
10/4/2019,59.75783285,23.91,17.04,700.43,0.31,388.62,1504.66,98.808
10/7/2019,55.02253614,24.35,17.86,698.39,0.29,384.96,1499.76,98.967
10/8/2019,54.06014924,23.5,20.28,696.99,0.27,385.93,1500.22,99.133
10/9/2019,52.08768112,23.6,18.64,695.17,0.2,387.24,1504.83,99.118
10/10/2019,45.00514324,24.18,17.57,699.03,0.14,387.87,1495.35,98.701
10/11/2019,37.94857309,25.36,15.58,703.93,0.06,391.26,1489.01,98.301
10/14/2019,38.14877499,25.06,14.57,699.11,0.05,391.74,1493.39,98.454
10/15/2019,38.37866305,26.64,13.54,694.23,0.04,392.38,1480.79,98.288
10/16/2019,39.76137521,27.23,13.68,689.2,0.03,393.16,1488.92,98.002
10/17/2019,39.63531939,27,13.79,696.33,0.04,394.47,1494.8,97.607
10/18/2019,40.30915431,26.8,14.25,697.44,0.03,392,1490.05,97.282
10/21/2019,39.78625143,26.83,14,704.1,0,392.16,1484.57,97.328
10/22/2019,41.14080213,26.52,14.46,698.54,0.01,392.19,1484.19,97.526
10/23/2019,41.85423986,25.59,14.01,695.19,0.02,391.9,1492.4,97.491
10/24/2019,41.79895443,26.28,13.71,695.11,0.06,391.14,1501.14,97.631
10/25/2019,39.73847877,25.8,12.65,691.68,0.01,390.72,1504.63,97.831
10/28/2019,34.68656678,25.93,13.11,693.93,-0.04,390.94,1493.09,97.764
10/29/2019,35.64179764,26.25,13.2,691.45,-0.07,391.55,1487.75,97.69
10/30/2019,42.56729257,26.76,12.33,679.95,-0.09,391.03,1493.84,97.646
10/31/2019,48.74178303,26.35,13.22,681.44,-0.01,389.5,1512.41,97.352
11/1/2019,42.56672105,26.02,12.3,682.65,-0.05,389.75,1514.34,97.239
11/4/2019,40.1272388,26.37,12.83,679.39,-0.12,390.51,1509.79,97.505
11/5/2019,35.61512264,26.24,13.1,677.48,-0.2,390.65,1483.47,97.983
11/6/2019,38.74330448,25.52,12.62,673.51,-0.17,388.86,1489.79,97.952
11/7/2019,31.15685247,25.65,12.73,673.55,-0.27,390.98,1463.65,98.143
11/8/2019,30.99658488,25.56,12.07,674.82,-0.3,390.72,1459,98.353
11/11/2019,31.11289807,25.65,12.69,680.23,-0.29,391.3,1455.89,98.2
11/12/2019,31.89941584,24.83,12.68,680.81,-0.28,391.86,1453.99,98.309
11/13/2019,35.00242516,25.1,13,677.24,-0.22,390.47,1461.03,98.373
11/14/2019,40.19979308,24.67,13.05,681.05,-0.16,390.97,1472.42,98.163
11/15/2019,38.31967733,24.57,12.05,685.26,-0.19,390.76,1468.21,97.999
11/18/2019,40.0314305,24.13,12.46,680.1,-0.16,388.91,1472.1,97.794
11/19/2019,41.21319269,24.17,12.86,682.31,-0.14,388.81,1474.58,97.856
11/20/2019,41.66818254,24.75,12.78,677.38,-0.1,387.99,1471.49,97.934
11/21/2019,39.31635741,24.66,13.13,676.78,-0.14,387.6,1465.4,97.993
11/22/2019,39.30012122,25.31,12.34,677.12,-0.12,387.47,1461.93,98.27
11/25/2019,39.54884989,25.16,11.87,687.82,-0.11,387.55,1456.4,98.323
11/26/2019,39.62953752,25.11,11.54,690.67,-0.07,386.94,1460.19,98.252
11/27/2019,38.09484448,25.84,11.75,698.64,-0.11,386.96,1456.13,98.37
11/29/2019,36.77783201,25.94,12.62,701.27,-0.13,386.44,1463.97,98.273
12/2/2019,34.63654261,25.06,14.91,700.96,-0.19,385.97,1463.64,97.856
12/3/2019,43.5772092,24.74,15.96,705.22,-0.11,385.64,1479.01,97.737
12/4/2019,37.38519786,25.48,14.8,709.42,-0.17,386.68,1474.1,97.648
12/5/2019,34.13315536,25.43,14.52,707.14,-0.17,387.03,1479.2,97.41
12/6/2019,30.57896083,25.68,13.62,713.69,-0.23,390.54,1460.17,97.7
12/9/2019,30.29445925,25.87,15.86,711.21,-0.23,391.02,1460,97.644
12/10/2019,26.28578195,25.68,15.68,707.65,-0.23,393.3,1463.27,97.413
12/11/2019,30.87215406,25.19,14.99,714.35,-0.18,393.9,1470.51,97.078
12/12/2019,21.74233148,25.79,13.94,719.91,-0.27,394.75,1467.86,97.397
12/13/2019,29.24881023,24.71,12.63,725.51,-0.19,396.21,1476.33,97.172
12/16/2019,23.0006701,25.52,12.14,738.55,-0.25,398.91,1475.19,97.019
12/17/2019,23.45501705,26.61,12.29,741.97,-0.26,398.91,1477.2,97.222
12/18/2019,21.97620001,27.13,12.58,739.65,-0.29,398.09,1474.76,97.4
12/19/2019,22.93211803,27.38,12.5,742.15,-0.26,398.27,1479.89,97.379
12/20/2019,21.99665463,27.21,12.51,744.44,-0.25,398.22,1477.4,97.69
12/23/2019,20.95184753,27.08,12.61,750.12,-0.29,398.62,1484.05,97.658
12/24/2019,24.34643942,26.62,12.67,751.99,-0.25,398.81,1499.73,97.654
12/26/2019,22.16427631,26.62,12.65,754.3,-0.25,399.49,1508.7,97.534
12/27/2019,27.30005874,27.25,13.43,753.73,-0.24,401,1510.56,96.919
12/30/2019,26.33514984,25.63,14.82,751.6,-0.28,402.28,1515.2,96.74
12/31/2019,24.6141081,25.18,13.78,751.79,-0.32,401.58,1522.81,96.389
1/2/2020,26.32076847,24.9,12.47,763.44,-0.24,402.53,1525.36,96.846
1/3/2020,30.8953106,25.5,14.02,759.34,-0.16,401.05,1552.2,96.838
1/6/2020,27.65675544,24.74,13.85,758.86,-0.18,401.33,1564.59,96.671
1/7/2020,25.02911776,25.06,13.79,757.77,-0.21,401.33,1571.98,97.005
1/8/2020,22.24332537,24.6,13.45,760.5,-0.25,401.83,1561.98,97.299
1/9/2020,23.08078373,25.2,12.54,764.72,-0.22,407.76,1549.34,97.45
1/10/2020,23.69464531,24.73,12.56,767.16,-0.19,407.36,1562.34,97.356
1/13/2020,21.83563485,24.66,12.32,775.3,-0.2,407.05,1549.76,97.345
1/14/2020,21.72801301,24.37,12.39,782.98,-0.18,410.57,1543.58,97.372
1/15/2020,23.29125502,25.04,12.42,783.35,-0.15,410.07,1554.07,97.229
1/16/2020,20.11187977,25.37,12.32,788.57,-0.17,410.62,1551.57,97.32
1/17/2020,19.33051572,25.97,12.1,795.06,-0.18,410.62,1557.24,97.606
1/21/2020,24.39385228,25.45,12.85,796.06,-0.15,410.68,1557.15,97.531
1/22/2020,25.00632405,25.55,12.91,792.92,-0.15,410.32,1557.84,97.527
1/23/2020,25.52369605,25.21,12.98,792.59,-0.08,408.83,1567.35,97.693
1/24/2020,28.25221067,24.87,14.56,798.13,-0.06,408.48,1571.53,97.853
1/27/2020,34.8801053,25.05,18.23,780.76,0.03,406.01,1580.22,97.956
1/28/2020,31.22889724,25.1,16.28,795.01,0.01,405.92,1569.94,98.018
1/29/2020,36.13565586,24.43,16.39,795.73,0.04,405.97,1571.01,97.991
1/30/2020,37.00560458,24.17,15.49,786.45,0.09,404.61,1584.92,97.867
1/31/2020,44.35888183,24.31,18.84,778.52,0.15,404.17,1589.16,97.39
2/3/2020,41.72387654,23.63,17.97,785.63,0.12,403.66,1575.61,97.8
2/4/2020,36.56502169,23.78,16.05,806.22,0.05,403.87,1550.74,97.961
2/5/2020,33.80338507,24.19,15.15,821.1,-0.01,404.03,1557.83,98.301
2/6/2020,35.45156905,23.98,14.96,824.58,0.03,404.93,1565.36,98.496
2/7/2020,38.41007698,23.75,15.47,817.63,0.07,401.77,1570.44,98.684
2/10/2020,40.0685812,23.58,15.04,819.07,0.11,401.62,1576.49,98.832
2/11/2020,38.55636573,23.74,15.18,839.73,0.08,402.77,1565.82,98.721
2/12/2020,35.70613466,24.31,13.74,858.11,0.04,402.21,1568.26,99.049
2/13/2020,37.14986974,24.82,14.15,853.52,0.06,402.1,1576.57,99.067
2/14/2020,38.29004951,24.71,13.68,853.37,0.09,401.12,1584.06,99.124
2/18/2020,39.60094066,25.56,14.83,856.11,0.12,403.26,1601.59,99.44
2/19/2020,38.97378332,26.13,14.38,905.68,0.11,403.06,1607.7,99.705
2/20/2020,39.92638136,26.06,15.56,912.53,0.15,402.31,1616.8,99.865
2/21/2020,46.15531126,26.03,17.08,903.57,0.21,402.46,1643.41,99.262
2/24/2020,52.24698295,25,25.03,873.51,0.29,399.2,1674.57,99.359
2/25/2020,53.79312799,24.62,27.85,849.63,0.33,399.46,1648.82,98.968
2/26/2020,57.68676546,24.69,27.56,838.69,0.31,397.7,1640.27,98.996
2/27/2020,59.48964407,24.02,39.16,808.76,0.31,395.67,1640.82,98.508
2/28/2020,79.73309145,24.02,40.11,796.82,0.34,395.11,1585.69,98.132
3/2/2020,82.59301761,23.93,33.42,810.65,0.26,398.01,1598.45,97.36
3/3/2020,94.62669804,23.77,36.82,821.66,0.14,399.07,1645.37,97.153
3/4/2020,96.73676414,24.24,31.99,844.47,-0.03,399.48,1642.08,97.336
3/5/2020,106.0450802,24.21,39.62,842.25,0.02,399.27,1667.11,96.82
3/6/2020,114.1107244,23.83,41.94,814.55,-0.05,398.67,1673.83,95.951
3/9/2020,122.8568828,23.68,54.46,728.83,-0.04,395.19,1672.79,94.895
3/10/2020,116.6215376,24.5,47.3,733.66,-0.18,396.01,1657.95,96.414
3/11/2020,129.5641584,24.34,53.9,696.56,-0.36,396.01,1643.58,96.507
3/12/2020,152.0782893,22.96,75.47,614.73,-0.49,395.93,1595.08,97.468
3/13/2020,150.2330193,22.38,57.83,636.15,-0.59,387.35,1529.83,98.749
3/16/2020,173.4661846,19.98,82.69,573.52,-0.42,380.62,1492.34,98.069
3/17/2020,164.9564238,19.05,75.91,609.6,-0.73,377.22,1534.9,99.575
3/18/2020,162.0826272,16.12,76.45,548.52,-1.05,377.22,1488.38,101.16
3/19/2020,200.8162764,17.19,72,556.09,-0.96,373.57,1472.28,102.755
3/20/2020,240.3736943,16.84,66.04,563.77,-0.77,374.04,1498.65,102.817
3/23/2020,255.4970568,16.28,61.59,529.6,-0.59,372.68,1559.7,102.487
3/24/2020,231.9679007,17.5,61.67,592.18,-0.74,373.77,1627.86,102.039
3/25/2020,195.6606515,18.21,63.95,619.48,-0.77,374.45,1612.66,101.05
3/26/2020,167.5029661,18.06,61,640.1,-0.71,374.68,1638.02,99.352
3/27/2020,168.7732621,17.11,65.54,608.03,-0.57,373.54,1628.16,98.365
3/30/2020,167.7977262,17.78,57.08,606.24,-0.5,371.39,1620.91,99.181
3/31/2020,170.8756921,18.42,53.54,614.35,-0.43,370.2,1597.89,99.048
4/1/2020,185.885034,17.84,57.06,590.69,-0.44,364.86,1583.24,99.673
4/2/2020,188.728656,18.82,50.91,596.07,-0.43,362.56,1613.69,100.18
4/3/2020,181.3758995,18.73,46.8,589.71,-0.41,362.95,1620.81,100.576
4/6/2020,169.2659718,21.17,45.24,623.64,-0.45,363.44,1652.29,100.685
4/7/2020,159.4725282,21.3,46.7,639.8,-0.51,363,1652.09,99.9
4/8/2020,155.5326606,21.93,43.35,656.17,-0.48,362.66,1649.98,100.119
4/9/2020,155.8261419,21.86,41.67,666.5,-0.33,362.05,1683.66,99.517
4/13/2020,148.1215306,21.215,41.17,662,-0.34,354.29,1714.16,99.348
4/14/2020,146.9503803,20.57,37.76,679.07,-0.42,353.75,1734.22,98.887
4/15/2020,155.6705435,20.02,40.84,655.1,-0.34,351.49,1714.45,99.461
4/16/2020,155.4029972,21.69,40.11,652.34,-0.35,351.31,1713.62,100.025
4/17/2020,153.5492769,22.48,38.15,673.33,-0.41,350.75,1682.82,99.782
4/20/2020,154.838561,22.15,43.83,665.38,-0.41,350.89,1694.58,99.955
4/21/2020,158.6541914,20.64,45.41,642.24,-0.4,349.1,1673.14,100.258
4/22/2020,157.6242152,21.45,41.98,652.08,-0.43,350.71,1713.89,100.388
4/23/2020,160.0761269,21.82,41.38,661.15,-0.39,350.49,1726.16,100.433
4/24/2020,161.4328798,21.53,35.93,645.48,-0.4,348.25,1729.6,100.38
4/27/2020,157.6494165,21.09,33.29,659.92,-0.43,347.55,1712.44,100.041
4/28/2020,163.7281326,21.04,33.57,678.06,-0.43,350.84,1705.65,99.865
4/29/2020,166.8594027,21,31.23,703.86,-0.43,351.12,1700.34,99.565
4/30/2020,165.4800087,20.39,34.15,686.57,-0.43,353.23,1687.67,99.016
5/1/2020,161.4426975,19.8,37.19,668.11,-0.42,353.23,1700.42,99.079
5/4/2020,160.3221765,20.18,35.97,664.53,-0.42,351.26,1706.41,99.484
5/5/2020,156.5752073,19.92,33.61,672.16,-0.42,350.83,1702.68,99.709
5/6/2020,152.9643626,19.83,34.12,683.16,-0.47,354.43,1686.36,100.091
5/7/2020,156.7284736,20.35,31.44,684.86,-0.38,358.04,1715.62,99.889
5/8/2020,149.6719174,20.17,27.98,707.85,-0.42,360.87,1702.7,99.734
5/11/2020,145.238162,19.86,27.57,711.98,-0.45,361.97,1697.35,100.236
5/12/2020,146.6685687,19.31,33.04,709.34,-0.42,361.95,1702.65,99.933
5/13/2020,145.8169575,19.46,35.28,692.59,-0.4,362.63,1712.02,100.242
5/14/2020,142.9783272,19.62,32.61,686.84,-0.38,364.14,1731.94,100.466
5/15/2020,140.8466901,19.96,31.89,687.5,-0.4,362.99,1743.67,100.402
5/18/2020,133.675421,21.14,29.3,719.98,-0.46,365.36,1731.13,99.665
5/19/2020,132.6588333,20.76,30.53,725.43,-0.43,367.92,1742.39,99.371
5/20/2020,130.7758638,22.06,27.99,731.91,-0.42,368.76,1747.81,99.124
5/21/2020,127.2646272,21.97,29.53,728.14,-0.42,367.91,1724.2,99.37
5/22/2020,125.6654229,22.19,28.16,719.78,-0.4,365.54,1734.68,99.863
5/26/2020,123.2581005,22.4,28.01,746.78,-0.41,366.98,1712.42,98.908
5/27/2020,123.775563,22.13,27.62,750.62,-0.38,364,1708.14,99.062
5/28/2020,122.3356784,22.04,28.59,745.69,-0.39,366.19,1720.28,98.383
5/29/2020,124.7859349,22.18,27.51,756.87,-0.36,367.12,1730.27,98.344
6/1/2020,124.5484481,21.75,28.23,766.56,-0.36,367.77,1738.85,97.83
6/2/2020,122.4640555,22.84,26.84,775.2,-0.39,369.02,1724.85,97.673
6/3/2020,116.5012859,22.85,25.66,783.3,-0.45,368.03,1698.88,97.276
6/4/2020,114.5142437,22.98,25.81,787.11,-0.48,368.44,1717.06,96.677
6/5/2020,109.6895931,24.02,24.52,801.31,-0.57,369.36,1685.06,96.937
6/8/2020,110.6908707,23.48,25.81,819.08,-0.54,369.17,1697.53,96.618
6/9/2020,114.1500124,23.24,27.57,808.8,-0.48,368.72,1715.46,96.324
6/10/2020,118.8684471,23.68,27.57,803.2,-0.4,367.78,1714.37,95.959
6/11/2020,120.551796,23.04,40.79,760.01,-0.35,366.64,1727.59,96.733
6/12/2020,118.6459404,22.78,36.09,767.57,-0.39,365.99,1730.75,97.319
6/15/2020,118.3659599,22.93,34.4,777.13,-0.38,364.32,1721.37,96.706
6/16/2020,116.7075608,23.55,33.67,791.98,-0.41,362.82,1729.03,96.958
6/17/2020,116.8212388,23.52,33.47,778.74,-0.4,363.73,1726.74,97.158
6/18/2020,117.9345359,25.23,32.94,784.39,-0.4,363.52,1723.53,97.421
6/19/2020,118.5270932,24.92,35.12,787.37,-0.39,363.18,1743.87,97.623
6/22/2020,117.9603982,25.28,31.77,789.49,-0.39,362.86,1755,97.039
6/23/2020,118.0197081,26.15,31.37,801.46,-0.4,362.56,1765.56,96.646
6/24/2020,118.7423036,26.14,33.84,789.82,-0.38,361.14,1766.54,97.148
6/25/2020,117.9139634,25.92,32.22,786.5,-0.39,362.01,1763.19,97.429
6/26/2020,120.392292,25.46,34.73,766.65,-0.34,358.85,1771.29,97.433
6/29/2020,120.9662357,27.35,31.78,790.14,-0.33,358.93,1769.93,97.536
6/30/2020,119.5432472,27.68,30.43,796.14,-0.35,360.13,1783.68,97.391
7/1/2020,117.4134467,28.42,28.62,807.71,-0.4,362.83,1770.79,97.196
7/2/2020,118.2612945,28.09,27.68,820.16,-0.36,360.55,1776.83,97.317
7/6/2020,117.3332341,30.43,27.94,850.76,-0.37,361.65,1783.49,96.725
7/7/2020,117.783721,30.12,29.43,851,-0.34,362.47,1795.82,96.881
7/8/2020,117.2567169,30.06,28.08,875.48,-0.36,362.96,1812.63,96.428
7/9/2020,117.5011538,29.37,29.26,866.2,-0.34,363.63,1799.97,96.7
7/10/2020,114.9863336,29.78,27.29,864.21,-0.37,363.48,1798.7,96.652
7/13/2020,114.3565853,30.14,32.19,859.14,-0.36,363.48,1809.85,96.464
7/14/2020,114.0630095,30.46,29.52,877.96,-0.33,363.94,1809.11,96.259
7/15/2020,112.0289703,29.7,27.76,899.05,-0.34,365.87,1812.61,96.081
7/16/2020,111.0785434,27.67,28,892.58,-0.35,365.87,1801.28,96.346
7/17/2020,110.5817234,28.76,25.68,904.55,-0.36,366.64,1810.42,95.942
7/20/2020,109.113547,27.1,24.46,922.43,-0.35,366.77,1816.15,95.832
7/21/2020,110.7208976,27.51,24.84,929.58,-0.34,367.61,1841.81,95.117
7/22/2020,110.3653151,27.53,24.32,934.42,-0.33,369.49,1865.22,94.988
7/23/2020,108.5603254,28.23,26.08,941.4,-0.33,372.22,1893.86,94.692
7/24/2020,109.0683772,27.27,25.84,922.48,-0.33,373.69,1902.02,94.435
7/27/2020,107.250694,25.91,24.74,938.55,-0.36,376.72,1935.18,93.668
7/28/2020,109.2145611,26.67,25.44,917.44,-0.33,377.55,1946.99,93.696
7/29/2020,111.3259161,27.13,24.1,919.39,-0.33,376.85,1960.35,93.453
7/30/2020,111.2396396,26.48,24.76,923.58,-0.3,377.81,1949.58,93.021
7/31/2020,111.5021731,27.22,24.46,921.51,-0.3,377.74,1975.86,93.349
8/3/2020,111.289086,27.08,24.28,937.67,-0.31,378.27,1970.74,93.542
8/4/2020,112.5510807,27.75,23.76,969.29,-0.27,375.2,1999.67,93.382
8/5/2020,109.9916854,27.69,22.99,996.25,-0.3,377.54,2032.12,92.868
8/6/2020,108.6337382,27.3,22.65,997.72,-0.28,379.61,2060.59,92.788
8/7/2020,106.4919701,27.32,22.21,1012.15,-0.32,378.53,2035.55,93.435
8/10/2020,105.3821028,27.6,22.13,1015.58,-0.31,379.66,2031.03,93.582
8/11/2020,101.4133072,27.08,24.03,1006.09,-0.36,379.09,1942.06,93.628
8/12/2020,100.9828067,26.87,22.28,1017.39,-0.4,378.56,1947.02,93.443
8/13/2020,99.9225911,26.3,22.13,1036.36,-0.42,380.37,1954,93.335
8/14/2020,103.0022455,26.36,22.05,1026.94,-0.41,381.96,1945.12,93.096
8/17/2020,103.7323283,27.17,21.35,1038.14,-0.39,383.65,1987.43,92.851
8/18/2020,107.3623972,27.41,21.51,1042.52,-0.38,384.1,2006.91,92.271
8/19/2020,105.72602,27.08,22.54,1051.38,-0.39,386.64,1964.11,92.887
8/20/2020,109.2477324,26.75,22.72,1036.36,-0.37,386.46,1944.24,92.793
8/21/2020,107.8897263,26.48,22.54,1037.16,-0.37,386.47,1940.48,93.247
8/24/2020,108.8192017,28.32,22.37,1052.2,-0.37,387.45,1931.6,93.298
8/25/2020,107.2963583,29.46,22.03,1074.24,-0.39,389.97,1916.35,93.019
8/26/2020,107.5152611,29.48,23.27,1072.63,-0.4,390.67,1943.5,93.006
8/27/2020,106.1139295,29.23,24.47,1070.81,-0.43,391.14,1920.73,93.001
8/28/2020,109.7187428,30.38,22.96,1096.08,-0.42,393.1,1964.83,92.371
8/31/2020,110.5014449,29.53,26.41,1093.73,-0.4,394.76,1971.9,92.144
9/1/2020,112.4255364,28.61,26.12,1109.92,-0.35,394.12,1975.06,92.338
9/2/2020,111.9512975,29.06,26.57,1103.08,-0.35,396.1,1936.28,92.847
9/3/2020,114.8275845,29.53,33.6,1046.83,-0.32,395.09,1927.9,92.739
9/4/2020,109.3727353,28.13,30.75,1023.41,-0.4,398.56,1933.94,92.719
9/8/2020,110.6392669,27.53,31.46,1021.69,-0.37,396.8,1939.01,93.445
9/9/2020,109.897453,27.94,28.81,1050.03,-0.37,399.02,1948.39,93.255
9/10/2020,110.5524146,29.15,29.71,1035.08,-0.35,399.23,1954.08,93.336
9/11/2020,111.6981696,28.99,26.87,1032.24,-0.34,401.02,1940.55,93.333
9/14/2020,111.5660945,31.2,25.85,1061.75,-0.35,404.75,1956.37,93.052
9/15/2020,111.7330752,30.53,25.59,1078.89,-0.36,405.84,1958.1,93.05
9/16/2020,111.1853369,30.71,26.04,1087.67,-0.36,406.54,1965.43,93.214
9/17/2020,111.010634,29.13,26.46,1063.43,-0.38,408.32,1944.89,92.97
9/18/2020,109.5740793,28.68,25.83,1066.65,-0.38,410.13,1950.86,92.926
9/21/2020,111.2904344,27.05,27.78,1056.06,-0.36,407.8,1902.92,93.656
9/22/2020,112.225613,28.47,26.86,1061.67,-0.37,406.93,1899.4,93.988
9/23/2020,111.4622729,27.12,28.58,1058.65,-0.37,403.9,1866.45,94.389
9/24/2020,111.2889377,27.4,28.51,1048.97,-0.37,402.48,1870.66,94.354
9/25/2020,112.3274766,26.75,26.38,1069.28,-0.36,403.52,1861.58,94.642
9/28/2020,111.1698395,28.28,26.19,1118.55,-0.36,403.74,1874.63,94.278
9/29/2020,113.5229445,27.36,26.27,1145.06,-0.36,403.92,1895.63,93.891
9/30/2020,111.6590061,27.5,26.37,1176.91,-0.39,405.96,1897.9,93.886
10/1/2020,111.6455839,27.07,26.7,1211.5,-0.37,404.12,1908.64,93.711
10/2/2020,111.2297063,27.59,27.63,1210.84,-0.39,403.62,1899.84,93.844
10/5/2020,107.4838312,27.49,27.96,1267.23,-0.45,405.05,1916.41,93.513
10/6/2020,109.6915779,27.34,29.48,1282.59,-0.44,405.36,1903.97,93.686
10/7/2020,107.480039,27.44,28.06,1339.67,-0.47,406.4,1886.58,93.63
10/8/2020,109.8491747,26.88,26.36,1345.37,-0.45,406.29,1885.38,93.605
10/9/2020,107.5386033,26.24,25,1362.36,-0.44,410.3,1930.4,93.057
10/12/2020,108.9693743,26.4,25.07,1335.56,-0.435,409.93,1924.94,93.065
10/13/2020,110.4241628,25.74,26.07,1332.47,-0.43,410.53,1891.41,93.531
10/14/2020,112.4736865,26.28,26.4,1347.87,-0.41,410.73,1901.34,93.382
10/15/2020,110.4383037,25.48,26.97,1334.73,-0.42,411.67,1903.72,93.856
10/16/2020,109.6160814,25.4,27.41,1332.7,-0.43,411.46,1899.29,93.682
10/19/2020,107.8658545,25.49,29.18,1327.96,-0.44,413.5,1909.74,93.427
10/20/2020,107.7040057,24.92,29.35,1347.77,-0.48,414.53,1908.86,93.067
10/21/2020,106.6585479,24.06,28.65,1295.33,-0.49,415.8,1925.04,92.611
10/22/2020,103.8570027,24.68,28.11,1285.71,-0.53,415.09,1900.61,92.951
10/23/2020,104.5908765,25.98,27.55,1286.09,-0.52,415.29,1902.05,92.768
10/26/2020,106.1442984,24.35,32.46,1266.41,-0.49,415.63,1902.6,93.045
10/27/2020,107.2958418,24.55,33.35,1256.42,-0.47,414.2,1908.71,92.94
10/28/2020,107.0501291,23.52,40.28,1246.39,-0.47,410.87,1881.09,93.405
10/29/2020,104.4818779,24.15,37.59,1254.57,-0.51,410.59,1867.8,93.955
10/30/2020,104.2296132,24.19,38.02,1244.82,-0.55,409.58,1878.81,94.038
11/2/2020,103.8755546,24.15,37.13,1265.49,-0.54,409.19,1893.65,94.129
11/3/2020,102.1374225,24.86,35.55,1283.37,-0.55,411.28,1909.06,93.553
11/4/2020,106.1669308,25.57,29.57,1266.38,-0.46,413.03,1894.68,93.407
11/5/2020,104.7023897,26.43,27.58,1349.4,-0.46,414.98,1947.7,92.525
11/6/2020,101.963315,25.85,24.86,1361.79,-0.49,415.68,1951.35,92.229
11/9/2020,97.00342194,26.97,25.75,1362.7,-0.6,417.29,1862.3,92.725
11/10/2020,93.66326541,26.64,24.8,1346.23,-0.63,417,1881.88,92.749
11/11/2020,97.52391807,26.52,23.45,1387.52,-0.58,416.92,1862.44,93.043
11/12/2020,98.91052703,26.32,25.35,1386.16,-0.53,414.95,1877.5,92.963
11/13/2020,96.96662838,26.68,23.1,1379.72,-0.56,415.59,1889.2,92.755
11/16/2020,96.17209529,27.79,22.45,1387.96,-0.56,420.27,1889.44,92.642
11/17/2020,96.72941905,27.04,22.71,1387.97,-0.55,421.22,1886.94,92.416
11/18/2020,95.68978279,27.59,23.84,1374.89,-0.55,423.07,1875.4,92.316
11/19/2020,94.53036177,26.75,23.11,1384.13,-0.55,423.53,1862.9,92.294
11/20/2020,95.48927102,27.15,23.7,1404.19,-0.53,426.74,1870.99,92.392
11/23/2020,93.42606875,27.67,22.66,1430.27,-0.56,426.51,1839.82,92.505
11/24/2020,92.57175419,28.04,21.64,1445.25,-0.57,427.09,1805.04,92.226
11/25/2020,93.06528524,28.04,21.25,1472.35,-0.58,427.14,1808.66,91.994
11/27/2020,95.50752501,28.59,20.84,1498.84,-0.52,428.69,1787.79,91.79
11/30/2020,95.05792848,29.6,20.57,1500.6,-0.54,428.41,1778.1,91.869
12/1/2020,90.84804678,29.33,20.77,1482.9,-0.61,427.16,1813,91.313
12/2/2020,90.32909098,30.01,21.17,1468.41,-0.61,426.8,1826.07,91.118
12/3/2020,91.21190347,29.46,21.28,1463.16,-0.59,427.3,1837.9,90.714
12/4/2020,89.39861834,30.57,20.79,1464.72,-0.63,427.27,1838.86,90.701
12/7/2020,91.93937994,30.07,21.3,1473.05,-0.59,433.03,1865.53,90.792
12/8/2020,92.2934007,30.02,20.68,1505.62,-0.57,432.75,1872.94,90.965
12/9/2020,89.80830048,30.16,22.27,1481.39,-0.61,434.02,1841.93,91.087
12/10/2020,92.16119282,31.36,22.52,1491.62,-0.57,433.94,1830.76,90.824
12/11/2020,93.68062908,30.98,23.31,1503.85,-0.55,435.73,1839.85,90.976
12/14/2020,93.55024081,31.27,24.72,1523.76,-0.55,435.71,1828.91,90.711
12/15/2020,92.47214412,32.43,22.89,1586.83,-0.56,436.79,1850.46,90.473
12/16/2020,92.06574061,32.03,22.5,1594.95,-0.56,436.74,1854.93,90.45
12/17/2020,91.05376135,32.21,21.93,1622.4,-0.57,437.62,1887.44,89.822
12/18/2020,90.86876655,31.36,21.57,1648.73,-0.59,438.14,1881.35,90.016
12/21/2020,91.58026374,31.14,25.16,1671.77,-0.57,437.7,1878.16,90.043
12/22/2020,92.79218532,31.39,24.23,1732.46,-0.55,438.71,1867.74,90.654
12/23/2020,91.30608104,32.15,23.31,1764.04,-0.59,439.73,1873.18,90.413
12/24/2020,92.18002118,32.41,21.53,1761.47,-0.57,440.64,1879.73,90.323
12/28/2020,92.05224239,33.66,21.7,1769.53,-0.55,441.47,1876.63,90.337
12/29/2020,92.08005472,33.25,23.08,1762.35,-0.57,442.33,1879.17,89.994
12/30/2020,91.36833878,32.42,22.77,1797.23,-0.6,443.43,1888.9,89.68
12/31/2020,91.66493338,32.94,22.75,1790.76,-0.57,443.81,1894.36,89.937
1/4/2021,92.15372905,33.89,26.97,1820.22,-0.55,446.1,1937.17,89.869
1/5/2021,90.72772423,33.15,25.34,1857.2,-0.57,448.57,1950.23,89.436
1/6/2021,86.31387541,33.83,25.07,1957.09,-0.65,447.94,1907.66,89.53
1/7/2021,84.59862215,34.97,22.37,2091.74,-0.69,449.24,1911.15,89.826
1/8/2021,83.25676398,35.14,21.56,2113.52,-0.73,449.01,1849.01,90.098
1/11/2021,81.98395547,34.76,24.08,2034.27,-0.76,450.67,1848.72,90.465
1/12/2021,82.96820252,34.88,23.33,2057.05,-0.75,454.51,1839.55,90.093
1/13/2021,85.00875666,33.88,22.21,2066.96,-0.72,453.8,1855.86,90.355
1/14/2021,82.31311543,33.76,23.25,2050.51,-0.73,455.31,1855.4,90.239
1/15/2021,86.04188539,31.96,24.34,1945.6,-0.69,453.98,1828.45,90.772
1/19/2021,85.60724546,33.3,23.24,2003.68,-0.69,456.79,1842.82,90.498
1/20/2021,86.10327719,33.12,21.58,1989.51,-0.7,458.64,1863.23,90.475
1/21/2021,85.30302519,34.32,21.32,2069.5,-0.7,459.41,1864.85,90.131
1/22/2021,86.0692291,34.45,21.91,2096.08,-0.69,456.31,1855.61,90.238
1/25/2021,88.74384367,33.39,23.19,2065.98,-0.65,457.65,1858.33,90.391
1/26/2021,86.69894527,33.56,23.02,2047.86,-0.67,459.5,1852.72,90.17
1/27/2021,87.01736572,33.51,37.21,1940.97,-0.66,458.14,1845.61,90.647
1/28/2021,85.4616377,34.17,30.21,1952.31,-0.69,457.35,1839.51,90.455
1/29/2021,83.18912496,33.18,33.09,1903.24,-0.72,458.41,1847.65,90.584
2/1/2021,85.17924899,33.08,30.24,1938.84,-0.69,458.79,1864.89,90.98
2/2/2021,83.68472154,35.19,25.56,1961.06,-0.74,460.81,1835.24,91.197
2/3/2021,82.48181093,37.65,22.91,1994.52,-0.77,462.98,1835.99,91.171
2/4/2021,82.90458472,37.49,21.77,1969.89,-0.77,463.53,1789.49,91.529
2/5/2021,80.86548561,38.43,20.87,1984.14,-0.8,461.35,1814.11,91.042
2/8/2021,80.46074257,38.84,21.24,2010.16,-0.8,463.94,1832.83,90.934
2/9/2021,80.28780069,38.49,21.63,1995.09,-0.79,466.98,1837.96,90.439
2/10/2021,81.03121745,39.56,21.99,1972.93,-0.76,467.18,1842.32,90.371
2/11/2021,80.72752786,39,21.25,1980.07,-0.76,466.93,1826.61,90.417
2/12/2021,78.27721728,40.28,19.97,1938.84,-0.81,470.1,1824.23,90.48
2/16/2021,73.61783302,39.13,21.46,1918.15,-0.9,476.16,1796.72,90.509
2/17/2021,76.05760215,38.4,21.5,1883.06,-0.9,476.28,1775.91,90.951
2/18/2021,79.17018637,38.61,22.49,1787.02,-0.91,478.24,1776.13,90.592
2/19/2021,79.80005503,37.7,22.05,1819.98,-0.95,481.12,1784.25,90.364
2/22/2021,82.96865796,38.26,23.45,1712.09,-0.98,484.13,1809.26,90.01
2/23/2021,85.49752209,38.97,23.11,1681.1,-0.98,486.89,1806.98,90.169
2/24/2021,87.35992789,39.45,21.34,1701.08,-0.99,489.73,1798.43,90.176
2/25/2021,74.11022814,38.57,28.89,1644.59,-1.2,490.95,1773.36,90.134
2/26/2021,80.68662925,37.6,27.95,1648.4,-1.11,486.54,1734.04,90.879
3/1/2021,82.3565045,37.45,23.35,1713.13,-1.09,485.71,1727.04,91.039
3/2/2021,84.02195829,38.69,24.1,1662.67,-1.04,490.29,1736.79,90.785
3/3/2021,80.87887381,37.82,26.67,1564.73,-1.1,489.33,1717.33,90.947
3/4/2021,74.33052381,38.51,28.57,1507.22,-1.16,487.34,1700.43,91.631
3/5/2021,72.28746519,39.36,24.66,1459.23,-1.19,491.46,1700.64,91.977
3/8/2021,68.70784423,39.47,25.47,1432.4,-1.24,492.55,1680.9,92.313
3/9/2021,69.60335105,40.98,24.03,1531.63,-1.19,491.38,1716.7,91.958
3/10/2021,70.6899492,41.87,22.56,1536.22,-1.17,494.85,1719.44,91.823
3/11/2021,69.8654276,42.27,21.91,1628.16,-1.16,498.79,1723.82,91.42
3/12/2021,65.27626463,43.19,20.69,1620.06,-1.27,496.46,1727.11,91.679
3/15/2021,66.93347001,42.73,20.03,1609.64,-1.26,495.48,1729.4,91.833
3/16/2021,66.84787472,41.96,19.79,1583.95,-1.26,496.62,1729.18,91.865
3/17/2021,69.83139709,43.34,19.23,1527.92,-1.25,498.35,1730.06,91.442
3/18/2021,68.52360851,42.74,21.58,1475.75,-1.34,498.87,1734.75,91.862
3/19/2021,66.38382198,42.31,20.95,1490.46,-1.37,505.03,1745.23,91.919
3/22/2021,69.2338689,43.18,18.88,1518.88,-1.32,506.84,1740.66,91.742
3/23/2021,71.19180341,41.78,20.3,1497.87,-1.27,507.65,1727.96,92.336
3/24/2021,71.0214254,41.96,21.2,1435.88,-1.25,506.74,1735.16,92.528
3/25/2021,69.20611608,40.71,19.81,1425.88,-1.26,506.04,1727.7,92.848
3/26/2021,67.21673972,42.09,18.86,1458.28,-1.3,509.78,1732.52,92.766
3/29/2021,62.79127098,42.2,20.74,1427.25,-1.34,509.15,1713.32,92.944
3/30/2021,61.83571551,42.4,19.61,1484.38,-1.38,505.05,1685.56,93.297
3/31/2021,61.06447591,42.89,19.4,1533.55,-1.39,506.68,1712.02,93.232
4/1/2021,62.50186494,42.81,17.33,1545.43,-1.35,504.96,1726.04,92.929
4/2/2021,58.88861391,42.81,17.62,1544.81,-1.4,504.96,1728.87,93.022
4/5/2021,60.69813766,42.81,17.91,1507.87,-1.38,505.49,1728.22,92.595
4/6/2021,64.08355345,44.6,18.12,1516.13,-1.32,507.68,1743.28,92.335
4/7/2021,63.92149796,44.23,17.16,1478.16,-1.32,508.28,1740.56,92.455
4/8/2021,64.712254,43.85,16.95,1488.27,-1.28,510.64,1757.15,92.059
4/9/2021,62.36531012,44.03,16.69,1488.18,-1.32,511.23,1743.88,92.163
4/12/2021,61.23298695,44.86,16.91,1462.8,-1.33,509.39,1733.05,92.138
4/13/2021,64.01629901,44.24,16.65,1486.54,-1.27,512.08,1742.69,91.852
4/14/2021,61.31889397,44.2,16.99,1492.75,-1.29,514.66,1736.58,91.69
4/15/2021,64.53749038,44.55,16.57,1472.34,-1.23,516.17,1767.54,91.671
4/16/2021,62.93219399,44.8,16.25,1509.91,-1.24,515.34,1776.51,91.556
4/19/2021,61.72245951,44.74,17.29,1477.12,-1.26,517.05,1771.51,91.069
4/20/2021,64.01638285,45.29,18.68,1467.67,-1.23,518.83,1778.02,91.241
4/21/2021,63.99558539,46.32,17.5,1484.66,-1.22,520.99,1790.9,91.155
4/22/2021,63.67404665,47.51,18.71,1528.08,-1.22,522.55,1781.83,91.333
4/23/2021,62.36248536,47.38,17.33,1549.24,-1.24,524.62,1777.2,90.859
4/26/2021,61.32458979,47.67,17.64,1562.07,-1.25,527.96,1778.87,90.807
4/27/2021,57.93575547,47.78,17.56,1555.37,-1.3,534.93,1778.33,90.909
4/28/2021,59.57393602,48.28,17.28,1525.72,-1.3,533.72,1774.72,90.609
4/29/2021,60.66869485,48.51,17.61,1499.83,-1.31,532.36,1768.7,90.614
4/30/2021,60.94126249,49.31,18.61,1475.01,-1.3,532.09,1769.13,91.28
5/3/2021,63.41494883,49.9,18.31,1458.75,-1.27,533.12,1792.91,90.945
5/4/2021,64.12031237,49.06,19.48,1394.17,-1.27,534.98,1776.06,91.288
5/5/2021,65.45220233,49.91,19.15,1398.08,-1.24,537.88,1784.29,91.308
5/6/2021,65.47520512,50.41,18.39,1374.42,-1.23,541.91,1815.84,90.951
5/7/2021,65.90697654,50.93,16.69,1400.21,-1.23,542.92,1831.24,90.233
5/10/2021,63.32068695,52.72,19.66,1366.34,-1.26,541.24,1837.66,90.212
5/11/2021,63.14795539,53.55,21.84,1357.83,-1.27,544.77,1835.28,90.141
5/12/2021,60.83162678,55.85,27.59,1324.22,-1.32,543.35,1820.42,90.713
5/13/2021,63.02046949,55.04,23.13,1322.57,-1.3,538.68,1826.15,90.752
5/14/2021,64.76518088,57.23,18.81,1362.4,-1.28,538.08,1843.43,90.321
5/17/2021,63.76656103,56.97,19.72,1356.49,-1.29,538.64,1868.1,90.164
5/18/2021,64.35864938,53.74,21.34,1386.73,-1.28,542.09,1867.47,89.75
5/19/2021,61.48197898,50.35,22.18,1391.71,-1.33,541.16,1882.06,90.191
5/20/2021,65.23724059,53.41,20.67,1425.24,-1.28,541.14,1882.65,89.808
5/21/2021,64.63270651,52.43,20.15,1435.33,-1.28,540.63,1881.25,90.017
5/24/2021,65.88803207,53.41,18.4,1432.4,-1.27,538.64,1883.99,89.844
5/25/2021,68.09330715,53.83,18.84,1432.73,-1.22,537.12,1895.39,89.639
5/26/2021,67.24963878,54.22,17.36,1450.45,-1.24,536.84,1902.39,90.042
5/27/2021,66.10539834,52.39,16.74,1445.06,-1.27,547.77,1891.61,89.971
5/28/2021,67.38544339,51.58,16.76,1453.68,-1.23,548.54,1903.77,90.031
6/1/2021,65.32038529,52.97,17.9,1450.96,-1.27,552.02,1903.35,89.831
6/2/2021,66.53523073,51.94,17.48,1428.94,-1.25,550.79,1906.54,89.909
6/3/2021,63.65932823,50.73,18.04,1406.54,-1.29,547.63,1871.01,90.512
6/4/2021,67.18448551,50.47,16.42,1415.99,-1.21,551.3,1891.59,90.136
6/7/2021,65.95259438,51.97,16.42,1422.22,-1.22,551.24,1895.15,89.95
6/8/2021,66.8611362,52.58,17.07,1430.12,-1.18,554.54,1892.47,90.076
6/9/2021,68.09462359,53.9,17.89,1424.66,-1.15,560.12,1891.23,90.12
6/10/2021,69.54004799,54.15,16.1,1426.8,-1.12,561.66,1893.78,90.075
6/11/2021,67.69163073,53.07,15.65,1434.47,-1.14,563.47,1877.53,90.555
6/14/2021,64.78052526,53.29,16.39,1451.81,-1.18,562.48,1864.22,90.522
6/15/2021,64.45435138,51.76,17.02,1435.97,-1.19,558.77,1852.36,90.536
6/16/2021,58.05435866,51.72,18.15,1455.95,-1.25,559.33,1859.35,91.129
6/17/2021,61.65508765,51.28,17.75,1451.48,-1.23,554.54,1770.77,91.889
6/18/2021,63.11365291,52.26,20.7,1431.97,-1.17,554.47,1764.16,92.225
6/21/2021,62.23245142,52.78,17.89,1440.92,-1.21,554.56,1783.29,91.899
6/22/2021,64.9503046,53.76,16.66,1456.45,-1.18,553.43,1778.31,91.756
6/23/2021,63.24895421,55.03,16.32,1457.05,-1.21,553.18,1783.4,91.802
6/24/2021,63.27144431,55.49,15.97,1462.72,-1.21,553.87,1776.83,91.814
6/25/2021,60.97354037,55.48,15.62,1472.59,-1.24,552.8,1781.44,91.851
6/28/2021,63.39277506,55.9,15.76,1506.61,-1.2,555.28,1779.61,91.887
6/29/2021,63.15688094,56.04,16.02,1516.92,-1.2,556.65,1763.17,92.049
6/30/2021,64.5233418,56.78,15.83,1493.33,-1.16,556,1772.28,92.436
7/1/2021,62.87591935,58.06,15.48,1501.35,-1.19,554.27,1771.91,92.597
7/2/2021,65.12061717,57.76,15.07,1494.83,-1.14,554.49,1787.3,92.226
7/6/2021,69.51963425,54.44,16.44,1508.5,-1.08,552.21,1794.36,92.546
7/7/2021,69.86499503,53.03,16.2,1503.26,-1.04,553.32,1801.85,92.644
7/8/2021,71.32147442,52.77,19,1477.58,-1.01,551.94,1797.63,92.417
7/9/2021,66.15030649,54.67,16.18,1478.75,-1.07,554.7,1808.32,92.13
7/12/2021,65.63850022,52.12,16.17,1497.59,-1.08,557.3,1805.79,92.261
7/13/2021,61.30205917,53.26,17.12,1483.85,-1.11,559.27,1811.66,92.752
7/14/2021,66.28374834,53.78,16.33,1449.73,-1.06,561.8,1821.86,92.41
7/15/2021,68.66580654,53.37,17.01,1419.85,-1.02,560.5,1827.15,92.624
7/16/2021,67.47824143,53.28,18.45,1412.59,-1.03,561.1,1812.05,92.687
7/19/2021,74.38895364,52.81,22.5,1395.82,-0.92,557.31,1808.9,92.891
7/20/2021,74.23633271,51.59,19.73,1406.95,-0.93,559.3,1812.04,92.973
7/21/2021,68.90269397,52.51,17.91,1448.66,-1.01,559.45,1803.13,92.754
7/22/2021,72.25166782,51.16,17.69,1455.4,-0.98,560.18,1805.24,92.822
7/23/2021,70.03557945,51.26,17.2,1435.79,-0.99,559.74,1802.15,92.912
7/26/2021,69.24686505,53.57,17.58,1428.4,-0.99,561.76,1799.47,92.649
7/27/2021,71.38497152,53.28,19.36,1413.94,-0.96,561.71,1800.21,92.432
7/28/2021,71.02921191,54.2,18.31,1448.63,-0.96,562.48,1802.4,92.322
7/29/2021,69.8727984,54.41,17.7,1449.14,-0.99,563.78,1831.2,91.864
7/30/2021,73.20930225,53.69,18.24,1444.17,-0.95,562.2,1814.19,92.174
8/2/2021,75.37127886,54.79,19.46,1449.19,-0.91,564.09,1817.91,92.048
8/3/2021,75.7998758,54.55,18.04,1472.01,-0.9,560.71,1810.83,92.081
8/4/2021,75.21005403,55.82,17.97,1474.79,-0.91,559.37,1811.89,92.27
8/5/2021,71.88528472,56.34,17.28,1465.15,-0.96,560.16,1807,92.244
8/6/2021,68.99273391,57.02,16.15,1458.78,-1.02,560.27,1763.03,92.8
8/9/2021,67.57370408,56.98,16.72,1478.25,-1.04,558.96,1726.22,92.945
8/10/2021,65.36813251,57.77,16.79,1479.49,-1.07,558.38,1729.47,93.055
8/11/2021,67.33514614,58.14,16.06,1468.06,-1.06,559.78,1749.91,92.922
8/12/2021,65.88257962,56.63,15.59,1449.16,-1.07,563.08,1751.51,93.035
8/13/2021,69.97607023,55.74,15.45,1443.77,-1.03,564.35,1779.74,92.518
8/16/2021,71.72607479,58.52,16.12,1427.51,-0.99,563.95,1786.74,92.628
8/17/2021,72.04142219,57.56,17.91,1412.37,-1,565.99,1782.54,93.13
8/18/2021,72.09261848,57.45,21.57,1427.4,-1.01,565.99,1783.07,93.136
8/19/2021,72.48227149,53.84,21.67,1422.39,-0.99,562.53,1782.64,93.568
8/20/2021,72.0719369,54.72,18.56,1441.72,-1.01,559.99,1781.11,93.496
8/23/2021,72.45944206,55.67,17.15,1461.23,-1,559.55,1803.2,92.958
8/24/2021,70.75137985,56.97,17.22,1473.23,-1.03,559.85,1806.36,92.893
8/25/2021,67.10687247,56.87,16.79,1474.93,-1.08,560.51,1789.93,92.825
8/26/2021,67.20641285,57.19,18.84,1461.83,-1.07,560.34,1792.24,93.062
8/27/2021,71.86932773,59.32,16.39,1469.79,-1.03,561.17,1817.57,92.686
8/30/2021,73.25510438,61.08,16.19,1485.57,-1,560.35,1810.72,92.653
8/31/2021,73.28170159,61.07,16.48,1483.92,-1.03,559.64,1814.06,92.626
9/1/2021,72.29583083,60.42,16.11,1497.39,-1.02,557.22,1813.42,92.449
9/2/2021,72.88435144,61.83,16.41,1514.72,-1,557.33,1809.2,92.225
9/3/2021,71.99721175,61.63,16.41,1502.64,-1.02,558,1827.73,92.035
9/7/2021,70.51855106,62.28,18.14,1488.04,-1.07,554.2,1795.88,92.512
9/8/2021,71.91384203,62.74,17.96,1460.38,-1.05,554.43,1791.08,92.653
9/9/2021,73.96230481,63.04,18.8,1459.8,-1.02,553.97,1793.78,92.479
9/10/2021,70.93293612,61.22,20.95,1439.8,-1.06,556.19,1787.58,92.582
9/13/2021,72.10848974,61.37,19.37,1461.09,-1.03,555.05,1793.82,92.675
9/14/2021,74.40440876,60.16,19.46,1456.48,-1.01,555.09,1803.7,92.623
9/15/2021,72.64582941,60.18,18.18,1433.61,-1.04,557.75,1793.25,92.548
9/16/2021,69.488101,59.63,18.69,1423.76,-1.07,555.81,1754.95,92.932
9/17/2021,68.27648897,59.82,20.81,1423.94,-1.11,555.5,1754.34,93.195
9/20/2021,71.64709591,61.02,25.71,1396.38,-1.07,550.58,1761.63,93.276
9/21/2021,69.89863907,60.5,24.36,1410.85,-1.09,547.07,1776.74,93.204
9/22/2021,68.28240507,60.94,20.87,1429.32,-1.09,549.61,1778.15,93.462
9/23/2021,65.65882948,60.89,18.63,1444.49,-1.18,550.84,1750.02,93.085
9/24/2021,62.52505196,63.29,17.75,1418.43,-1.23,552.86,1750.42,93.327
9/27/2021,62.51237624,64.72,18.76,1425.61,-1.27,552.35,1752.26,93.383
9/28/2021,63.07901873,62.29,23.25,1396.64,-1.3,555.39,1737.94,93.766
9/29/2021,63.85609665,63.28,22.56,1384.61,-1.3,556.34,1724.75,94.338
9/30/2021,66.49621937,62.16,23.14,1377.81,-1.27,553.74,1758.27,94.23
10/1/2021,71.03910973,62.45,21.15,1382.42,-1.22,556.2,1760.98,94.035
10/4/2021,70.65060391,63.82,22.96,1346.66,-1.23,557.08,1769.12,93.776
10/5/2021,67.56683724,65.16,21.3,1350.72,-1.28,558.81,1759.92,93.975
10/6/2021,67.00942781,59.58,21,1349.81,-1.28,559.16,1762.51,94.266
10/7/2021,65.11446149,60.81,19.54,1370.33,-1.27,560.44,1758.1,94.217
10/8/2021,63.79634943,58.76,18.77,1357.54,-1.32,562.43,1757.13,94.067
10/11/2021,63.11716327,59.58,20,1364.43,-1.32,561.74,1756.52,94.316
10/12/2021,62.61380615,59.34,19.85,1406.75,-1.32,560.89,1760.81,94.516
10/13/2021,61.61680162,59.45,18.64,1447.63,-1.32,561.33,1792.71,94.08
10/14/2021,64.84580823,61.79,16.86,1446.5,-1.26,564.45,1796.78,93.956
10/15/2021,59.05032819,59.79,16.3,1455.03,-1.34,567.03,1767.62,93.937
10/18/2021,57.39422695,58.92,16.31,1461.42,-1.34,568.38,1766.76,93.953
10/19/2021,57.04120414,54.92,15.7,1498.38,-1.38,567.99,1769.49,93.734
10/20/2021,57.90173115,58.14,15.49,1507.92,-1.39,569.25,1786.82,93.558
10/21/2021,55.80650933,58.37,15.01,1512.44,-1.44,566.6,1780.47,93.77
10/22/2021,56.7933821,58.64,15.43,1500.1,-1.4,568.36,1792.65,93.642
10/25/2021,58.39393959,59.35,15.24,1516.9,-1.37,568.78,1807.05,93.813
10/26/2021,58.7641137,60.16,15.98,1512.1,-1.38,568.88,1792.05,93.949
10/27/2021,61.12288569,60.27,16.98,1555.34,-1.34,567.91,1794.83,93.802
10/28/2021,60.22761083,58.94,16.53,1602.48,-1.34,569.76,1800.95,93.345
10/29/2021,60.45669153,59.08,16.26,1604.61,-1.36,571.18,1783.38,94.123
11/1/2021,58.72255862,57.29,16.41,1635.51,-1.37,572.68,1793.66,93.879
11/2/2021,61.87514876,59.79,16.03,1609.13,-1.36,570.26,1787.47,94.09
11/3/2021,57.57253114,60.15,15.1,1563.82,-1.39,568.24,1765.25,93.864
11/4/2021,64.71813142,60.18,15.44,1562.85,-1.32,569.01,1793.54,94.347
11/5/2021,68.21278781,59.73,16.48,1543.7,-1.24,567.73,1818.36,94.32
11/8/2021,62.30786441,60.96,17.22,1573.4,-1.32,569.78,1823.45,94.049
11/9/2021,64.99088645,60.75,17.78,1563.14,-1.27,569.69,1830.99,93.955
11/10/2021,56.07580899,63.48,18.73,1547.64,-1.39,570.47,1849.69,94.85
11/11/2021,55.31623245,64.02,17.66,1583.52,-1.405,570.62,1862.33,95.178
11/12/2021,53.69315499,63.58,16.29,1593.54,-1.42,570.61,1864.9,95.128
11/15/2021,51.54844752,66.22,16.49,1581.07,-1.45,569.54,1863.43,95.407
11/16/2021,51.25858344,67.83,16.37,1575.15,-1.46,568.52,1852.22,95.915
11/17/2021,54.04917077,67.45,17.11,1564.99,-1.44,568.57,1865.5,95.828
11/18/2021,56.7541134,69.38,17.59,1544.19,-1.42,569.04,1860.95,95.544
11/19/2021,56.33228133,69.65,17.91,1568.87,-1.41,569.07,1845.73,96.031
11/22/2021,47.16868992,70.22,19.17,1542.07,-1.52,569.79,1808.55,96.548
11/23/2021,46.85753602,69.49,19.38,1516.22,-1.54,572.05,1784.38,96.491
11/24/2021,46.91576059,73.23,18.58,1516.99,-1.53,572.28,1785.46,96.875
11/26/2021,60.4222885,73.12,28.62,1504.66,-1.36,568.79,1802.59,96.089
11/29/2021,57.6223062,74.54,22.96,1516.42,-1.38,567.67,1784.25,96.341
11/30/2021,60.48743196,75.73,27.19,1488.88,-1.31,564.22,1774.36,95.994
12/1/2021,58.98353014,77.2,31.12,1463.66,-1.31,564.81,1784.18,96.028
12/2/2021,56.57513148,80.25,27.95,1442.15,-1.33,566.3,1763.45,96.156
12/3/2021,62.35187455,78.64,30.67,1400.42,-1.24,568.79,1783.29,96.117
12/6/2021,55.27543432,81.65,27.18,1408.48,-1.33,569.03,1780.97,96.328
12/7/2021,49.67891157,85.34,21.89,1452.89,-1.37,571.35,1783.19,96.369
12/8/2021,50.48662083,89.41,19.9,1459.7,-1.39,572.19,1784.41,95.894
12/9/2021,50.28469022,80.88,21.58,1427.25,-1.36,570.35,1777.06,96.271
12/10/2021,50.99742075,84.37,18.69,1410.52,-1.36,570.84,1782.84,96.097
12/13/2021,55.10091149,82.72,20.31,1405.46,-1.32,568.97,1788.39,96.317
12/14/2021,54.00607301,80.12,21.89,1362.09,-1.34,566.91,1772.63,96.571
12/15/2021,50.58216127,81.19,19.29,1372.96,-1.37,566.48,1765.7,96.511
12/16/2021,57.08244864,85.71,20.57,1360.47,-1.3,569.18,1797.33,96.042
12/17/2021,56.73110702,74.02,21.57,1356.12,-1.3,567.81,1798.11,96.565
12/20/2021,57.51655792,80.09,22.87,1308.18,-1.29,565.15,1794.88,96.551
12/21/2021,53.42772004,80.94,21.01,1344.05,-1.36,568.69,1787.52,96.491
12/22/2021,54.34924339,76.83,18.63,1353.18,-1.35,571.22,1799.59,96.076
12/23/2021,51.78581066,74.46,17.96,1357.31,-1.37,573.97,1808.42,96.019
12/27/2021,51.29580403,76.92,17.68,1356.45,-1.36,576.18,1808.26,96.093
12/28/2021,50.79112912,79.29,17.54,1344.55,-1.37,577.53,1810.42,96.202
12/29/2021,48.11150698,80.36,16.95,1339.85,-1.45,578.27,1804.18,95.929
12/30/2021,49.5205754,80.16,17.33,1353.38,-1.38,578.83,1813.58,95.968
12/31/2021,50.21147734,80.65,17.22,1354.45,-1.39,578.31,1829.2,95.67
1/3/2022,66.98300951,84.01,16.6,1361.04,-1.31,578.56,1799.74,96.213
1/4/2022,69.15826864,84.91,16.91,1342.81,-1.32,579.91,1813.63,96.262
1/5/2022,65.41553251,87.58,19.73,1294.52,-1.37,583.87,1822.86,96.171
1/6/2022,63.75053664,86.74,19.61,1263.16,-1.42,581.83,1791.09,96.32
1/7/2022,65.37632451,85.42,18.76,1254.4,-1.45,583.74,1796.55,95.719
1/10/2022,64.04224951,80.09,19.4,1245.98,-1.47,579.43,1799.44,95.991
1/11/2022,66.39826921,81.3,18.41,1255.21,-1.46,585.5,1817.61,95.624
1/12/2022,66.80890834,80.01,17.62,1262.37,-1.44,586.95,1826.17,94.915
1/13/2022,69.77680123,80.56,20.31,1257.14,-1.42,585.29,1820.65,94.79
1/14/2022,63.69302625,82.08,19.19,1241.48,-1.5,578.04,1817.94,95.165
1/18/2022,58.00097008,82.67,22.79,1213.82,-1.59,582.1,1812.19,95.732
1/19/2022,61.83682637,82.09,23.85,1205.35,-1.56,587.56,1840.4,95.51
1/20/2022,61.87403856,85.59,25.59,1224.81,-1.53,587.19,1842.43,95.735
1/21/2022,69.82623938,84.47,28.85,1176.41,-1.46,586.69,1835.38,95.642
1/24/2022,71.71334719,84.02,29.9,1162.53,-1.44,583.1,1838.56,95.918
1/25/2022,72.82549551,87.45,31.16,1134.72,-1.47,583.67,1849.85,95.948
1/26/2022,67.17249378,88.66,31.96,1148.85,-1.55,581.12,1830.36,96.478
1/27/2022,69.64072531,89.76,30.49,1128.83,-1.52,581.99,1792.55,97.255
1/28/2022,77.6069798,89.22,27.66,1128.49,-1.51,584,1791.53,97.27
1/31/2022,77.30463759,89.24,24.83,1187.96,-1.49,582.94,1797,96.54
2/1/2022,76.65476397,89.52,21.96,1190.83,-1.53,585.42,1802.73,96.385
2/2/2022,77.59628296,94.21,22.09,1189.13,-1.5,589.22,1810.17,95.936
2/3/2022,74.09073228,94.81,24.35,1163,-1.51,587.97,1804.15,95.379
2/4/2022,63.43856218,96.45,23.22,1168.09,-1.66,590.46,1808.28,95.485
2/7/2022,65.31368453,96.7,22.86,1162.97,-1.62,589.93,1820.02,95.399
2/8/2022,63.01675285,96.93,21.44,1159.96,-1.67,591.89,1827.51,95.643
2/9/2022,62.89520027,90.79,19.96,1206.5,-1.67,595.6,1834.18,95.494
2/10/2022,48.96431714,90.78,23.91,1186.74,-1.65,599.89,1835.3,95.553
2/11/2022,61.99837921,92.87,27.36,1161.84,-1.62,600.18,1858.76,96.082
2/14/2022,57.08114715,91.76,28.33,1141.15,-1.65,599.5,1864.67,96.374
2/15/2022,59.71244943,91.14,25.7,1191.2,-1.75,598.74,1852.96,95.989
2/16/2022,63.71858646,89.86,24.29,1192.12,-1.73,598.64,1869.07,95.701
2/17/2022,66.71522911,86.44,28.11,1183.56,-1.62,598.77,1897.74,95.8
2/18/2022,68.95498126,89.47,27.75,1158.59,-1.63,602.48,1898.43,96.043
2/22/2022,62.71983161,89.77,28.81,1131.25,-1.65,604.58,1903.44,96.025
2/23/2022,61.81926471,95.07,31.02,1125.61,-1.69,606.83,1908.4,96.19
2/24/2022,63.15617803,87.03,30.32,1187.5,-1.66,608.14,1923.74,97.137
2/25/2022,63.07023137,88.14,27.59,1231.19,-1.66,606.49,1889.34,96.615
2/28/2022,74.59501044,82.21,30.15,1325.94,-1.51,609.47,1899.26,96.707
3/1/2022,84.95926698,68.85,33.32,1307.24,-1.35,615.16,1934.92,97.409
3/2/2022,69.2286305,68.49,30.74,1281.66,-1.5,616.33,1918.68,97.385
3/3/2022,70.96873741,67.35,30.48,1246.97,-1.49,618.95,1932.03,97.785
3/4/2022,76.88115196,65.1,31.98,1235.88,-1.44,622.95,1970.7,98.648
3/7/2022,74.99979947,58.3,36.45,1269.98,-1.48,625.7,1984.24,99.293
3/8/2022,71.93943828,68.51,35.13,1342.01,-1.56,627.32,2029.91,99.062
3/9/2022,67.73713949,73.18,32.45,1358.12,-1.61,627.17,1985.58,97.968
3/10/2022,67.94203763,76.41,30.23,1339.75,-1.64,628.05,2003.98,98.507
3/11/2022,66.27040928,76.76,30.75,1331.31,-1.68,628.05,1988.46,99.124
3/14/2022,61.65949126,78.28,31.77,1278.66,-1.78,625.04,1957.9,98.999
3/15/2022,64.19205261,77.43,29.83,1284.83,-1.79,626.98,1924.43,99.097
3/16/2022,58.39933657,78.16,26.67,1316.64,-1.88,624.99,1908.14,98.618
3/17/2022,59.22191835,79.89,25.67,1343.52,-1.87,626.07,1942.5,97.974
3/18/2022,59.04030877,78.89,23.87,1348.91,-1.86,625.75,1921.62,98.233
3/21/2022,43.62350339,78.39,23.53,1340.52,-2,628.58,1932.04,98.498
3/22/2022,45.39934097,80.67,22.94,1356.67,-2.09,631.42,1920.53,98.493
3/23/2022,50.93555285,76.6,23.57,1341.86,-2.07,632.94,1936.73,98.622
3/24/2022,53.31170146,78.24,21.67,1353.14,-2.06,632.72,1965.01,98.789
3/25/2022,43.76578884,78.6,20.81,1339,-2.23,634.29,1958.29,98.789
3/28/2022,44.54561501,80.81,19.63,1342.99,-2.18,633.94,1938.54,99.091
3/29/2022,49.94533966,81.7,18.9,1364.9,-2.15,631.87,1915.47,98.404
3/30/2022,54.45504312,78.31,19.33,1369.35,-2.11,634.37,1932.21,97.792
3/31/2022,55.94833029,76.48,20.56,1376.56,-2.07,634.41,1944.45,98.312
4/1/2022,44.44602827,78.49,19.63,1382.51,-2.18,632.73,1925.68,98.632
4/4/2022,45.06504695,78.5,18.57,1406.89,-2.14,635.92,1931.67,99
4/5/2022,39.06854031,78.05,21.03,1412.08,-2.27,634.88,1923.55,99.472
4/6/2022,45.56372122,77.18,22.1,1386.44,-2.26,633.76,1925.04,99.599
4/7/2022,46.81062353,79.94,21.55,1372.51,-2.2,633.1,1934.28,99.751
4/8/2022,41.86710666,80.09,21.16,1358.77,-2.27,636.31,1947.54,99.796
4/11/2022,44.87545119,77.95,24.37,1343.05,-2.25,637.32,1941.47,99.932
4/12/2022,55.53210696,79.01,24.26,1330.09,-2.14,637.56,1974.08,100.292
4/13/2022,57.43517088,77.44,21.82,1337.71,-2.14,639.13,1979,99.875
4/14/2022,48.94122435,79.97,22.7,1327.17,-2.22,637.79,1971.17,100.321
4/18/2022,51.56954082,80.085,22.17,1322.35,-2.19,640.89,1986.55,100.781
4/19/2022,46.62086497,80.2,21.37,1339.19,-2.33,641.86,1957.5,100.961
4/20/2022,51.31787038,87.82,20.32,1325.14,-2.31,642.22,1953.43,100.39
4/21/2022,45.93371541,86.44,22.68,1266.9,-2.31,640.37,1940.63,100.578
4/22/2022,45.53832658,88.99,28.21,1240.49,-2.3,638.39,1931.6,101.22
4/25/2022,51.57917556,83.46,27.02,1231.88,-2.23,635,1897.71,101.752
4/26/2022,58.24548929,82.71,33.52,1204.81,-2.18,639.24,1903.27,102.303
4/27/2022,56.65596133,81.01,31.6,1213.19,-2.18,639.58,1887.64,102.954
4/28/2022,52.93479341,82.68,29.99,1215.97,-2.15,640.71,1888.74,103.623
4/29/2022,48.30441568,84.45,33.4,1209.35,-2.19,643.29,1896.93,102.959
5/2/2022,44.61162012,83.04,32.34,1199.94,-2.3,643.19,1866.03,103.744
5/3/2022,44.75094924,88.19,29.25,1220.54,-2.24,640.89,1869.88,103.465
5/4/2022,53.11542706,88.31,25.42,1260.2,-2.19,644.07,1868.61,102.587
5/5/2022,49.53113271,88.91,31.2,1222.7,-2.3,642.71,1876.56,103.752
5/6/2022,49.15932661,91.54,30.19,1186.12,-2.34,632.8,1883.81,103.66
5/9/2022,60.34907392,87.02,34.75,1115.72,-2.22,628.64,1861.05,103.651
5/10/2022,61.50514185,87.34,32.99,1111.29,-2.16,627.34,1844.99,103.92
5/11/2022,64.43892682,88.83,32.56,1088.4,-2.12,629.98,1852.27,103.846
5/12/2022,70.46530346,88.26,31.77,1071.44,-2.04,628.94,1825.55,104.851
5/13/2022,64.9608879,88.48,28.87,1118.35,-2.1,630,1811.79,104.563
5/16/2022,68.17183288,89.56,27.47,1111.44,-1.98,635.14,1815.63,104.187
5/17/2022,59.57613728,91.72,26.1,1157.31,-2.11,637.14,1821.41,103.36
5/18/2022,64.28445989,84.64,30.96,1163.26,-2.04,633.11,1820.94,103.81
5/19/2022,65.93690992,83.18,29.35,1195.59,-1.93,635.2,1843.04,102.724
5/20/2022,68.2645338,80.39,29.43,1203.31,-1.93,631.55,1846.5,103.15
5/23/2022,59.67021851,78.15,28.48,1220.14,-1.98,632.89,1850.1,102.076
5/24/2022,62.56276067,81.32,29.45,1203.57,-1.88,630.88,1867.15,101.857
5/25/2022,59.94094051,81.4,28.37,1218.57,-1.83,631.29,1845.18,102.056
5/26/2022,54.2984348,84.76,27.5,1244.46,-1.8,628.71,1847.72,101.829
5/27/2022,48.86037263,84.2,25.72,1272.96,-1.8,629.56,1853.72,101.668
5/31/2022,37.91270158,84.02,26.19,1269.55,-1.92,629.45,1845.97,101.752
6/1/2022,24.97304313,86.08,25.69,1254.92,-2.04,628.15,1847.66,102.498
6/2/2022,24.63513552,86.34,24.72,1293.83,-1.87,630.48,1867.87,101.824
6/3/2022,22.46329541,86.87,24.79,1289.05,-1.9,629.09,1851.19,102.14
6/6/2022,16.05607776,81.43,25.07,1316.57,-1.96,632.42,1842.33,102.437
6/7/2022,18.24324489,81.31,24.02,1323.58,-1.91,633.33,1851.22,102.318
6/8/2022,13.13341314,79.81,23.96,1311.57,-1.93,635.94,1855.49,102.542
6/9/2022,11.47756536,81.01,26.09,1281.05,-1.9,633.02,1848.76,103.223
6/10/2022,-4.978099895,81.86,27.75,1256.48,-2,629.54,1871.6,104.148
6/13/2022,-21.45535947,81.54,34.02,1183.85,-2.11,623.91,1828.88,105.078
6/14/2022,-23.55106336,84.15,32.69,1165.89,-2.06,622.79,1812.41,105.518
6/15/2022,-3.66424817,86.2,29.62,1188.85,-1.82,624.88,1819.86,105.158
6/16/2022,-0.527426037,83,32.95,1150.39,-1.88,624.3,1850.34,103.631
6/17/2022,-1.225545097,82.37,31.13,1187.51,-1.84,617.5,1839.39,104.7
6/21/2022,-5.5619169,84.73,30.19,1222.34,-1.9,614.47,1836.36,104.435
6/22/2022,7.393664321,81.88,28.95,1215.02,-1.8,611.66,1838.36,104.197
6/23/2022,5.472593795,84.13,29.05,1233.88,-1.6,604.8,1830.37,104.431
6/24/2022,2.344357572,83.43,27.23,1240.65,-1.58,598.94,1826.88,104.185
6/27/2022,-4.49988993,85.05,26.95,1261.23,-1.67,597.53,1825.38,103.939
6/28/2022,-5.353924282,87.4,28.36,1233.4,-1.66,599.89,1821.68,104.506
6/29/2022,-0.029035567,88.35,28.16,1199.72,-1.62,600.07,1816.91,105.106
6/30/2022,10.55206004,90.16,28.71,1212.15,-1.33,596.68,1809.95,104.685
7/1/2022,14.1957191,85.58,26.7,1227.42,-1.2,589.7,1811.43,105.138
7/5/2022,16.02910046,83.19,27.54,1214.22,-1.11,582.81,1767.4,106.535
7/6/2022,-0.323799275,83.22,26.73,1212.28,-1.26,581.37,1735.17,107.096
7/7/2022,-9.195010474,84.92,26.08,1261.53,-1.15,585.42,1742.73,107.13
7/8/2022,-14.16006894,82.79,24.64,1278.41,-1.21,584.92,1742.48,107.007
7/11/2022,-14.03856331,84.36,26.17,1249.25,-1.1,585.06,1735.1,108.021
7/12/2022,-12.53545833,85.65,27.29,1225.4,-1,579.88,1729.52,108.072
7/13/2022,-20.02880878,83.86,26.82,1233.09,-0.82,577.9,1738.02,107.957
7/14/2022,-24.03911118,83.97,26.4,1222.62,-0.74,573.89,1705.89,108.544
7/15/2022,-17.99776229,85.38,24.23,1201.82,-0.79,574.43,1708.17,108.063
7/18/2022,-24.36144337,84.94,25.3,1235.38,-0.78,578.54,1712.07,107.366
7/19/2022,-27.92260017,83.65,24.5,1249.32,-0.85,576.18,1711.49,106.682
7/20/2022,-32.85510446,78.84,23.88,1261.67,-0.89,577.47,1703.05,107.076
7/21/2022,-18.7462616,78.11,23.11,1253.44,-0.7,576.74,1711.79,106.91
7/22/2022,-10.76627659,76.3,23.03,1253.04,-0.58,573.92,1727.64,106.73
7/25/2022,-15.06038919,76.37,23.36,1261.86,-0.58,575.46,1718.05,106.483
7/26/2022,-16.58772724,76.68,24.69,1248.75,-0.54,578.89,1719.14,107.189
7/27/2022,-11.00844053,76.14,23.24,1293.81,-0.52,579.78,1720.79,106.452
7/28/2022,-4.81088556,78.96,22.33,1390.71,-0.39,581.69,1754.07,106.351
7/29/2022,-8.608391858,78.55,21.33,1424.16,-0.42,582.45,1765.94,105.903
8/1/2022,-8.252063143,80.58,22.84,1415.94,-0.33,580.95,1773.08,105.45
8/2/2022,-24.34955308,81.95,23.93,1430.02,-0.52,581.81,1776.22,106.241
8/3/2022,-21.59686781,83.99,21.95,1392.31,-0.57,581.55,1759.48,106.506
8/4/2022,-13.75965249,84.19,21.44,1419.91,-0.4,583.11,1790.57,105.693
8/5/2022,-27.65051388,84.76,21.15,1436.16,-0.58,583.1,1775.5,106.621
8/8/2022,-26.32910597,83.81,21.29,1443.64,-0.48,579.68,1787.72,106.435
8/9/2022,-29.92509682,85.93,21.77,1446.61,-0.54,583.45,1795.3,106.374
8/10/2022,-25.77782859,85.92,19.74,1510.81,-0.5,586.76,1798.21,105.196
8/11/2022,-27.01223905,87.55,20.2,1492.98,-0.47,590.12,1788.94,105.09
8/12/2022,-24.9101416,88.87,19.53,1503.78,-0.47,590.6,1802.4,105.631
8/15/2022,-19.99352502,90.78,19.95,1508.03,-0.38,588.17,1782.8,106.546
8/16/2022,-18.82059379,92.08,19.69,1487.21,-0.44,591.63,1776.35,106.5
8/17/2022,-18.33480575,95.8,19.9,1482.27,-0.53,589.92,1762.55,106.574
8/18/2022,-10.83903702,96.04,19.56,1485.73,-0.46,588.41,1757.27,107.484
8/19/2022,-15.87871225,98.01,20.6,1447.04,-0.51,588.52,1747.06,108.169
8/22/2022,-17.41662257,92.17,23.8,1422.84,-0.57,590.21,1735.19,109.046
8/23/2022,-17.06229193,89.29,24.11,1424.8,-0.58,590.73,1749.82,108.624
8/24/2022,-23.16352158,89.24,22.82,1448.76,-0.58,592.06,1749.67,108.677
8/25/2022,-18.47378156,89.31,21.78,1476.28,-0.45,589.66,1758.23,108.47
8/26/2022,-22.23766464,90.31,25.56,1454.79,-0.51,593.39,1738.14,108.803
8/29/2022,-22.70236869,86.66,26.21,1429.54,-0.52,592.87,1738.14,108.835
8/30/2022,-24.17920051,80.81,26.21,1420.59,-0.54,588,1724.21,108.773
8/31/2022,-25.78502398,80.03,25.87,1421.93,-0.58,585.01,1716.22,108.7
9/1/2022,-27.34139914,80.79,25.56,1391.46,-0.59,574.88,1695.05,109.691
9/2/2022,-18.71900983,77.89,25.47,1381.19,-0.51,573.35,1712.19,109.534
9/6/2022,-26.80256447,69.88,26.91,1388.45,-0.61,575.76,1701.56,110.214
9/7/2022,-23.04443515,69.03,24.64,1447.86,-0.57,572.26,1715.08,109.84
9/8/2022,-25.30782885,67.24,23.61,1463.42,-0.53,573.94,1706.22,109.707
9/9/2022,-30.19859276,66.08,22.79,1466.23,-0.57,572.18,1716.83,109.003
9/12/2022,-32.89784439,71.82,23.87,1475.29,-0.54,573.14,1731.88,108.33
9/13/2022,-40.96335068,69.75,27.27,1447.09,-0.63,573.44,1705.57,109.815
9/14/2022,-42.91050393,72.54,26.16,1458.35,-0.65,571.75,1701.36,109.658
9/15/2022,-45.96345142,71.85,26.27,1423.5,-0.63,569.1,1664.93,109.739
9/16/2022,-40.12202634,73.27,26.3,1415.08,-0.61,568.74,1675.06,109.764
9/19/2022,-44.82289992,71.1,25.76,1407.21,-0.67,565.98,1670.82,109.737
9/20/2022,-42.2199112,71.14,27.16,1375.1,-0.7,567.39,1664.02,110.215
9/21/2022,-43.19543125,69.79,27.99,1368.16,-0.68,567.39,1665.31,110.642
9/22/2022,-46.09833729,70.44,27.35,1320.88,-0.82,568.05,1674.11,111.353
9/23/2022,-45.86532545,65.77,29.92,1286.9,-0.89,560.33,1643.94,113.192
9/26/2022,-54.23997273,70.33,32.26,1254.34,-1.01,556.8,1631.24,114.103
9/27/2022,-52.72081844,67.96,32.6,1261.71,-1.07,558.14,1629.54,114.106
9/28/2022,-28.97200147,65.15,30.18,1267.24,-0.78,558.23,1659.32,112.604
9/29/2022,-31.99109698,65.73,31.84,1220.69,-0.78,558.92,1658.93,112.254
9/30/2022,-38.77233049,66.73,31.62,1225.96,-0.86,559.45,1660.61,112.117
10/3/2022,-30.03788049,65.94,30.1,1257.23,-0.64,558,1691.19,111.745
10/4/2022,-31.40049175,66.92,29.07,1296.34,-0.61,560.74,1723.33,110.065
10/5/2022,-39.91268892,67.07,28.55,1245.55,-0.74,562.1,1708.58,111.208
10/6/2022,-45.70230623,68.96,30.52,1185.59,-0.71,560.07,1711.91,112.258
10/7/2022,-52.30143188,69.85,31.36,1185.59,-0.8,559.12,1694.82,112.795
10/10/2022,-53.66161189,66.77,32.45,1175.79,-0.755,559.15,1667.93,113.144
10/11/2022,-54.30108866,66.34,33.63,1162.54,-0.71,560.99,1680.7,113.221
10/12/2022,-55.07789766,66.71,33.57,1137.04,-0.67,558.56,1669.84,113.32
10/13/2022,-65.97041523,68.84,31.94,1139.3,-0.61,560.25,1665.82,112.363
10/14/2022,-67.07538942,68.02,32.02,1128.63,-0.64,558.16,1644.47,113.311
10/17/2022,-69.0068684,67.51,31.37,1142.11,-0.58,556.63,1657.47,112.039
10/18/2022,-66.34951583,67.77,30.5,1171.98,-0.51,555.87,1650.33,112.13
10/19/2022,-76.312425,67.29,30.76,1140.55,-0.63,554.89,1629.7,112.984
10/20/2022,-81.61821927,66.87,29.98,1131.81,-0.62,556.69,1636.28,112.881
10/21/2022,-63.31220817,68.72,29.69,1140,-0.56,558.78,1657.69,112.012
10/24/2022,-62.25679364,72.32,29.85,1137.77,-0.53,556.86,1650.62,111.989
10/25/2022,-54.90239824,77.11,28.46,1166.82,-0.44,557.19,1653.29,110.95
10/26/2022,-49.83379731,75.79,27.28,1201.08,-0.35,558.99,1666.67,109.7
10/27/2022,-41.05556195,80.21,27.39,1210.55,-0.14,557.83,1658.05,110.587
10/28/2022,-48.87611745,81.21,25.75,1203.06,-0.24,552.37,1644.86,110.752
10/31/2022,-56.87218791,79.97,25.88,1206.14,-0.27,549.59,1635.55,111.527
11/1/2022,-62.09130557,76.72,25.81,1211.77,-0.27,551.42,1649.16,111.481
11/2/2022,-66.19028727,76.7,25.86,1202.26,-0.29,550.41,1650.15,111.345
11/3/2022,-71.41926797,76.28,25.3,1215.18,-0.32,549.28,1629.46,112.93
11/4/2022,-69.20583634,76.36,24.55,1219.89,-0.33,559.26,1681.87,110.877
11/7/2022,-72.56340233,77.49,24.35,1213.6,-0.35,558.67,1677.1,110.12
11/8/2022,-68.99784225,76.06,25.54,1240.82,-0.27,559.41,1715.03,109.636
11/9/2022,-68.2603409,72.76,26.09,1239.68,-0.22,561.35,1712.52,110.549
11/10/2022,-51.73948382,73.05,23.53,1307.31,0.05,561.49,1748.45,108.206
11/11/2022,-55.71405597,75.84,22.52,1306.91,0.05,563.38,1771.24,106.292
11/14/2022,-58.32971175,75.23,23.73,1297.64,0.05,565.46,1770.85,106.66
11/15/2022,-60.74110071,76.65,24.54,1321.89,0.17,570.05,1772.43,106.404
11/16/2022,-63.03186286,73.41,24.11,1311.32,0.32,569.3,1774.79,106.281
11/17/2022,-73.48879472,72.4,23.93,1306.76,0.27,564.27,1760.3,106.694
11/18/2022,-79.03193479,72.47,23.12,1310.98,0.24,560.92,1750.68,106.93
11/21/2022,-81.38555211,74.28,22.36,1298.75,0.27,557.08,1736.71,107.835
11/22/2022,-82.02738764,73.87,21.29,1314.56,0.33,559.39,1739.65,107.222
11/23/2022,-80.99477264,75.87,20.35,1327.08,0.41,560.64,1743.36,106.076
11/25/2022,-80.17884516,78.97,20.5,1334.35,0.48,561.49,1754.93,105.959
11/28/2022,-83.65313894,78.59,22.21,1307.56,0.41,560.08,1742.7,106.681
11/29/2022,-87.95495482,81.39,21.89,1299.45,0.34,561.09,1751.06,106.822
11/30/2022,-83.77837331,84.9,20.58,1337.09,0.43,564.26,1752.88,105.95
12/1/2022,-76.6539471,84.88,19.84,1341.76,0.56,566.01,1801.64,104.728
12/2/2022,-78.02136885,87.98,19.06,1352.52,0.58,562.21,1797.63,104.545
12/5/2022,-89.63541043,87.17,20.75,1347.53,0.45,561.09,1769.89,105.289
12/6/2022,-85.62302804,88.61,22.17,1315.22,0.46,561.08,1771.57,105.578
12/7/2022,-78.90049872,88.19,22.68,1310.04,0.48,561.88,1783.13,105.1
12/8/2022,-84.15545691,88.93,22.29,1316.39,0.4,559.1,1787.24,104.774
12/9/2022,-87.34463841,87.73,22.83,1319.86,0.38,558,1797.32,104.81
12/12/2022,-91.31350384,89.81,25,1322.84,0.38,556.92,1783.12,105.131
12/13/2022,-80.63345109,88.99,22.55,1343.18,0.5,559.1,1808.45,103.98
12/14/2022,-80.45791721,86.19,21.14,1360.65,0.5,557.67,1808.42,103.77
12/15/2022,-76.78447938,85.2,22.83,1335.02,0.62,556.59,1776.9,104.558
12/16/2022,-74.32046089,83.68,22.62,1307.56,0.61,557.21,1793.08,104.701
12/19/2022,-79.27898524,84.69,22.42,1297.59,0.54,555.24,1790.07,104.721
12/20/2022,-81.1014237,86.87,21.48,1292.94,0.44,556.55,1818.04,103.965
12/21/2022,-79.13223199,85.6,20.07,1309.41,0.45,555.83,1816.93,104.162
12/22/2022,-80.1226579,86.85,21.97,1289.84,0.41,554.23,1793.07,104.433
12/23/2022,-87.15876728,86.85,20.87,1282.93,0.34,555.45,1798.2,104.314
12/27/2022,-92.01363148,86.08,21.65,1264.05,0.38,554.63,1813.88,104.179
12/28/2022,-91.73368679,84.13,22.14,1257.29,0.36,555.68,1805.7,104.463
12/29/2022,-90.63121801,82.36,21.44,1273.09,0.45,554.33,1818.96,103.836
12/30/2022,-95.52793831,79.4,21.67,1272.51,0.42,554.78,1824.02,103.522
1/3/2023,-94.60778573,80.42,22.9,1257.95,0.48,554.9,1839.26,104.518
1/4/2023,-92.39139967,75.4,22.01,1263.08,0.57,551.75,1850.59,104.248
1/5/2023,-97.24865454,76.24,22.46,1239.44,0.65,553.13,1833.99,105.042
1/6/2023,-88.01982615,75.55,21.13,1266.38,0.86,547.46,1865.69,103.879
1/9/2023,-89.49810251,79.1,21.97,1282.13,0.92,554.05,1871.93,103.001
1/10/2023,-94.68223796,78.38,20.58,1294.39,0.9,554.14,1874.32,103.236
1/11/2023,-94.21333073,76.64,21.09,1331.66,0.96,556.16,1873.85,103.188
1/12/2023,-87.06539508,77.76,18.83,1354.1,1.06,557.1,1897.75,102.246
1/13/2023,-93.23568196,77.2,18.35,1355.36,0.99,559.46,1920.23,102.204
1/17/2023,-92.97053462,77.21,19.36,1367.01,1.03,558.67,1907.2,102.39
1/18/2023,-88.37246374,81.42,20.34,1358.85,1.19,560.01,1905.28,102.363
1/19/2023,-92.03662862,81.86,20.52,1304.28,1.18,556.65,1920.15,102.058
1/20/2023,-97.04624965,82.6,19.85,1314.27,1.08,558.77,1926.08,102.012
1/23/2023,-98.98051079,81.8,19.81,1336.64,1.04,557.97,1923.93,102.138
1/24/2023,-98.30660126,79.62,19.2,1328.46,1.09,558.43,1933.94,101.918
1/25/2023,-96.11281337,82.28,19.08,1316.26,1.11,560.25,1937.36,101.641
1/26/2023,-98.02405039,86.81,18.73,1314.49,1.07,562.37,1926.7,101.839
1/27/2023,-99.8192472,86.94,18.51,1311.42,1.02,560.06,1928.04,101.927
1/30/2023,-105.4763699,87.21,19.94,1294.74,0.96,558.72,1924.42,102.276
1/31/2023,-100.6535207,90.13,19.4,1321.68,1.01,557.02,1929.63,102.097
2/1/2023,-90.44904869,92.65,17.87,1336.03,1.15,557.35,1925.68,101.217
2/2/2023,-92.08454872,90.65,18.73,1336.73,1.16,557.63,1912.24,101.75
2/3/2023,-105.0220741,90.9,18.33,1305.92,1,554.22,1864.97,102.915
2/6/2023,-111.925395,87.96,19.43,1293.32,0.86,551.08,1866.05,103.621
2/7/2023,-115.9483374,87.9,18.66,1289.24,0.83,552.72,1880.68,103.427
2/8/2023,-110.1162081,87.59,19.63,1284.38,0.87,553.96,1875.81,103.409
2/9/2023,-114.8913776,88.49,20.71,1265.6,0.9,554.56,1868.5,103.221
2/10/2023,-115.1291746,90.44,20.53,1260,0.84,553.72,1865.57,103.63
2/13/2023,-115.4680525,89.35,20.34,1267.87,0.85,555.86,1851.59,103.345
2/14/2023,-120.0165438,88.62,18.91,1260.64,0.78,554.4,1849.78,103.233
2/15/2023,-116.7678078,91.51,18.23,1282.44,0.75,552.34,1835.01,103.923
2/16/2023,-110.216418,95.13,20.17,1255.2,0.74,553.04,1842.53,103.856
2/17/2023,-103.3040115,93.33,20.02,1251.69,0.78,551.15,1842.36,103.862
2/21/2023,-109.8561725,97.12,22.87,1238.25,0.67,556.17,1836.82,104.176
2/22/2023,-107.1764727,93.45,22.29,1229.81,0.68,553.98,1833.28,104.585
2/23/2023,-103.0832754,93.84,21.14,1231.1,0.74,550.64,1821.29,104.598
2/24/2023,-110.9493177,94.79,21.67,1209.61,0.64,549.92,1811.04,105.214
2/27/2023,-109.068816,96.9,20.95,1228.4,0.66,549.42,1818.64,104.673
2/28/2023,-109.6034282,95.88,20.7,1229.12,0.63,548.53,1829.36,104.869
3/1/2023,-116.110273,93.8,20.58,1244.4,0.55,551.85,1837.27,104.483
3/2/2023,-114.7438107,90.1,19.59,1235.46,0.48,548.72,1833.81,105.027
3/3/2023,-112.6525692,89.27,18.49,1257.88,0.53,548.56,1856.48,104.521
3/6/2023,-115.9065918,89.96,18.61,1273.2,0.52,547.99,1850.41,104.35
3/7/2023,-122.6895456,92.87,19.59,1263.99,0.57,546.25,1817.15,105.615
3/8/2023,-127.6884796,94.76,19.11,1260.85,0.54,545.32,1815.68,105.658
3/9/2023,-118.7124111,95.4,22.61,1247.52,0.74,546,1829.37,105.309
3/10/2023,-101.7299612,96.83,24.8,1227.7,0.95,542.68,1868.26,104.576
3/13/2023,-74.02875993,92.99,26.52,1232.32,1.13,542.93,1909.86,103.595
3/14/2023,-86.17418028,89.73,23.73,1238.52,0.99,542.22,1906.83,103.597
3/15/2023,-69.966199,86.65,26.14,1212.02,0.97,539.43,1924.46,104.646
3/16/2023,-88.25073118,85.27,22.99,1204.17,0.94,541.41,1916.33,104.418
3/17/2023,-61.83018327,85.57,25.51,1170.89,1.07,542.7,1989.25,103.708
3/20/2023,-72.42331705,85.18,24.15,1183.51,1,543.52,1977.69,103.281
3/21/2023,-92.09482585,87.38,21.38,1209.85,0.77,544.4,1941.53,103.256
3/22/2023,-77.21463402,86.63,22.26,1194.7,1.02,545.55,1946.25,102.346
3/23/2023,-61.25384747,90.18,22.61,1207.27,1.09,545.58,1999.68,102.532
3/24/2023,-67.28529717,85.4,21.74,1194.96,1.07,544.79,1978.21,103.116
3/27/2023,-81.59424597,88.13,20.6,1197.81,0.88,546.8,1955.92,102.857
3/28/2023,-87.32473165,89.4,19.97,1197.66,0.76,548.48,1969.1,102.43
3/29/2023,-89.80092562,90.02,19.12,1220.4,0.83,548.88,1965.09,102.64
3/30/2023,-92.29970389,90.8,19.02,1240.91,1.11,549.4,1983.23,102.144
3/31/2023,-88.30882452,91.75,18.7,1260.7,1.19,550.63,1969.28,102.506
4/3/2023,-81.97533139,96,18.55,1244.12,1.27,549.71,1987.05,102.093
4/4/2023,-71.01231636,94.98,19,1239.68,1.41,546.26,2020.81,101.586
4/5/2023,-72.2559565,97.01,19.08,1224.04,1.41,544.39,2021.43,101.852
4/6/2023,-76.83912752,96.75,18.4,1223.15,1.48,545.72,2011.78,101.822
4/7/2023,-87.76736032,97.11,18.685,1222.88,1.41,545.72,2007.91,102.092
4/10/2023,-91.64816332,97.29,18.97,1231.61,1.37,544.9,1989.76,102.578
4/11/2023,-94.50090057,97.47,19.1,1241.86,1.35,545.8,2006.24,102.204
4/12/2023,-90.11585414,96.27,19.09,1240.79,1.43,546.66,2007.92,101.5
4/13/2023,-92.49263656,94.39,17.8,1260.19,1.45,547.92,2040.27,101.011
4/14/2023,-98.66341417,94.11,17.07,1248.27,1.38,549.94,2004.17,101.552
4/17/2023,-103.0726124,92.91,16.95,1267.7,1.35,552.83,1991.6,102.103
4/18/2023,-95.15873614,95.15,16.83,1267.23,1.35,553.67,2007.24,101.745
4/19/2023,-94.14097447,94.39,16.46,1260.8,1.32,552.31,1996.09,101.968
4/20/2023,-88.03570102,91.74,17.17,1257.64,1.41,550.74,2005.89,101.84
4/21/2023,-89.29257647,89.86,16.77,1261.02,1.32,550.8,1983.06,101.822
4/24/2023,-82.91263094,88.56,16.89,1260.08,1.49,549.52,1986.69,101.348
4/25/2023,-67.76692212,86.81,18.76,1241.55,1.62,547.42,1990.63,101.863
4/26/2023,-70.1116738,86.24,18.84,1189.11,1.61,547.57,1986.69,101.467
4/27/2023,-79.44691111,86.68,17.03,1205.37,1.53,548.11,1984.36,101.503
4/28/2023,-74.38954383,87.65,15.78,1191.18,1.63,547.45,1990,101.659
5/1/2023,-85.6279632,85.63,16.08,1283.19,1.53,545.12,1981.71,102.151
5/2/2023,-68.16504531,88.52,17.78,1159.03,1.87,543.72,2015.18,101.958
5/3/2023,-61.58930067,85.15,18.34,1160.45,1.96,544.02,2024.14,101.343
5/4/2023,-56.20578328,84.5,20.09,1165.38,1.95,544.27,2050.85,101.399
5/5/2023,-67.30949747,84.96,17.19,1181.23,1.82,548.53,2016.79,101.214
5/8/2023,-73.70799042,85.59,16.98,1182.99,1.68,547.25,2027.18,101.377
5/9/2023,-76.8143279,87.51,17.71,1173.92,1.65,546.87,2031.05,101.605
5/10/2023,-64.67130492,89.06,16.94,1180.62,1.62,546.26,2027.89,101.477
5/11/2023,-63.38114475,88.57,16.93,1177.57,1.46,544.79,2015.72,102.058
5/12/2023,-69.0894194,88.93,17.03,1212.18,1.42,542.42,2010.77,102.681
5/15/2023,-69.05274998,87.14,17.12,1222.88,1.51,544.85,2020.32,102.434
5/16/2023,-74.62294124,88.93,17.99,1202.28,1.46,543.88,1987.66,102.564
5/17/2023,-73.40697698,88.04,16.87,1201.76,1.48,545.86,1983.87,102.882
5/18/2023,-76.17653348,89.65,16.05,1189.98,1.53,543.95,1955.74,103.584
5/19/2023,-76.99677653,89.43,16.81,1184.16,1.51,543.5,1977.81,103.198
5/22/2023,-73.35831358,87.25,17.21,1197.19,1.58,542.19,1974.61,103.198
5/23/2023,-66.68308625,85.8,18.53,1190.06,1.5,540.79,1973.19,103.488
5/24/2023,-68.70949715,84.79,20.03,1181.95,1.47,537.42,1959.2,103.887
5/25/2023,-78.49062018,82.63,19.14,1180.81,1.54,536.37,1943.67,104.251
5/26/2023,-79.58848623,83.13,17.95,1177.71,1.55,540.49,1946.46,104.206
5/30/2023,-72.77026026,80.38,17.46,1180.56,1.5,540.37,1959.84,104.165
5/31/2023,-70.77658777,80.77,17.94,1164.85,1.63,541.45,1965.23,104.326
6/1/2023,-71.46985404,78.95,15.65,1180.67,1.69,543.39,1978.51,103.56
6/2/2023,-82.3820019,78.52,14.6,1189.91,1.55,545.42,1947.97,104.015
6/5/2023,-81.48534654,82.86,14.73,1186.14,1.53,544.92,1958.38,104.002
6/6/2023,-85.13101177,81.64,13.96,1185.91,1.41,545.59,1963.66,104.125
6/7/2023,-86.93665047,83.86,13.94,1184.87,1.33,544.68,1942.28,104.099
6/8/2023,-82.73746535,83.35,13.65,1186.94,1.42,548.23,1966.37,103.343
6/9/2023,-88.25600753,86.14,13.83,1184.07,1.4,545.87,1961.19,103.557
